item	image
7620298	Monet-Mer%20agit%C3%A9e%20%C3%A0%20Etretat-MBA-Lyon.jpg
20272169	Claude%20Monet%20-%20Arrival%20of%20the%20Normandy%20Train%2C%20Gare%20Saint-Lazare%20-%20Google%20Art%20Project.jpg
61227583	Dreux%20%C3%A9tude%20de%20glycine%201919-1920%20Claude%20Monet%20Eure-et-Loir%20France.jpg
20188741	Argenteuil%20A14692.jpg
49473320	Monet%20Poplars-at-giverny%20MOA%20W1291.jpg
20268712	Monet%20-%20Water%20Lily%20Pond%2C%201917-19%2C%201982.825.jpg
108479161	MB-Mon-01%20Monet%20Der-Hafen-von-Zaandam%201.jpg
105099584	Japanese%20Bridge%20by%20Claude%20Monet%2C%20Mus%C3%A9e%20Marmottan%20Monet%205079.JPG
21712146	Monet%2C%20Claude%20-%20Low%20Tide%20at%20Varengeville%20%281882%29.jpg
67158045	Monet%20-%20Le%20bassin%20aux%20nymph%C3%A9as%2C%20um%201916.jpg
20809473	Marine%20View%20with%20a%20Sunset%2C%20by%20Claude%20Monet.JPG
3232513	Claude%20Monet%20The%20Cliffs%20at%20Etretat.jpg
50415986	Nymph%C3%A9as%20reflets%20de%20saule%201916-19.jpg
19869038	Monet%2C%20Claude%20-%20Poppy%20Field.jpg
19200918	Claude%20Monet%20-%20Yellow%20Irises%20-%20Google%20Art%20Project.jpg
17494240	Madame%20Monet%20au%20canap%C3%A9%20Monet%201871.jpg
50006171	Monet%20Ext%C3%A9rieur%20de%20la%20gare%20Saint-Lazare%2C%20effet%20de%20soleil.jpg
17492321	Monet%20-%20Vetheuil%2C%20vu%20de%20Lavacourt%2C%201879.jpg
2395218	Claude%20Monet%20-%20Woman%20with%20a%20Parasol%20-%20Madame%20Monet%20and%20Her%20Son%20-%20Google%20Art%20Project.jpg
26707964	Monet%20w1922.jpg
74425851	Claude%20Monet%20-%20The%20Japanese%20Bridge%20-%20Google%20Art%20Project.jpg
28796932	Claude%20Monet%20-%20The%20Doges%20Palace%20%28Le%20Palais%20ducal%29%20-%20Google%20Art%20Project.jpg
105099565	Monet%20w362.jpg
105099628	Monet%201871%20View%20of%20the%20Voorzaan.jpg
17492904	Claude%20Monet%20-%20Le%20dejeurner%20sur%20l%27herbe%20%28left%20panel%29.jpg
85953907	Monet%20Water-Lilies%201903%20DAI.jpg
3820705	Claude%20Monet%20-%20Cath%C3%A9drale%20de%20Rouen.%20Harmonie%20bleue%20et%20or.jpg
27953819	Monet%20Seine.jpg
17436694	Rouen-cathedral-fog%20W1349.jpg
20268628	Claude%20Monet%20-%20Apples%20and%20Grapes%20-%201933.1152%20-%20Art%20Institute%20of%20Chicago.jpg
3212522	Claude%20Monet%20-%20The%20Rue%20Montorgueil%20in%20Paris.%20Celebration%20of%20June%2030%2C%201878%20-%20Google%20Art%20Project.jpg
17491064	Claude%20Monet%20051.jpg
18683932	Claude%20Monet%20-%20The%20Water%20Lily%20Pond%2C%20c.%201917-19%20-%20Google%20Art%20Project.jpg
47774422	Claude%20Monet%20-%20Stacks%20of%20Wheat%20%28End%20of%20Summer%29%20-%201985.1103%20-%20Art%20Institute%20of%20Chicago.jpg
112218689	Monet%20-%20the-bridge-at-argenteuil-grey-weather.jpg
20188856	Claude%20Monet%20-%20Monet%27s%20garden%20at%20V%C3%A9theuil%20%281880%29.jpg
20538846	Claude%20Monet%20-%20The%20Fort%20of%20Antibes.jpg
28797618	Claude%20Monet%20-%20The%20Water%20Lilies%20-%20Clear%20Morning%20with%20Willows%20-%20Google%20Art%20Project.jpg
16389932	Claude%20Monet%20Portrait%20Michel%20Pompom%20Hat.JPG
27976551	%27The%20Grand%20Quay%20at%20Havre%27%20by%20Claude%20Monet%2C%201874%2C%20Hermitage.JPG
19925565	Claude%20Monet%20029.jpg
50699803	1902%20Monet%20Die%20Waterloo-Br%C3%BCcke%20anagoria.JPG
108479178	MB-Mon-22%20Monet%20Limetz-im-Schnee%201.jpg
112181570	Claude%20Monet%2C%20Water-Lily%20Pond%20and%20Weeping%20Willow.JPG
47618043	Claude%20Monet%20-%20Train%20Tracks%20at%20the%20Saint-Lazare%20Station.jpg
17495596	Monet%20w1942.jpg
20538898	Monet%20-%20Seacoast%20at%20Trouville%2C%201881.jpg
106767908	Claude%20Monet%20-%20The%20Houses%20of%20Parliament%2C%20Seagulls%20-%20y1979-54%20-%20Princeton%20University%20Art%20Museum.jpg
50007932	Claude%20Monet%20-%20Saint-Lazare%20Station%2C%20the%20Western%20Region%20Goods%20Sheds.jpg
20809470	Nen%C3%BAfares%20Philadelphia%2001.JPG
70781202	Monet%20-%20Red%20Mullets%2C%20c.%201870.jpg
124343764	Monet%20-%20Frost%20on%20the%20Plains%20of%20Colombes%2C%201873.jpg
3656735	Claude%20Monet%20-%20La%20Cabane%20des%20Douaniers%20a%20Pourville%20%281882%29.jpg
50433790	%27V%C3%A9theuil%27%20by%20Claude%20Monet%2C%201901%2C%20Pushkin%20Museum.JPG
50434651	Le%20D%C3%A9jeuner%20sur%20l%27herbe%20-%20Monet%20%28Pushkin%20Museum%29.jpg
20890806	Claude%20Monet%20-%20The%20Seashore%20at%20Sainte-Adresse%20-%2053.13%20-%20Minneapolis%20Institute%20of%20Arts.jpg
18599157	View%20over%20the%20Sea%20%28Claude%20Monet%29%20-%20Nationalmuseum%20-%2019182.tif
3632885	Monet%20-%20Bathers%20at%20La%20Grenouill%C3%A8re.jpg
48977034	Claude%20Monet%20-%20La%20Seine%20%C3%A0%20V%C3%A9theuil%20%281881%29.jpg
19905211	Claude%20Monet%20%28French%2C%20Paris%201840%E2%80%931926%20Giverny%29%20-%20Haystacks%20%28Effect%20of%20Snow%20and%20Sun%29%20-%20Google%20Art%20Project.jpg
64174087	Monet%20-%20Im%20Garten%20-%201895.jpeg
829572	Claude%20Monet%20-%20Camille.JPG
48092673	Claude%20Monet%20-%20San%20Giorgio%20Maggiore%20-%20National%20Museum%20Wales.jpg
73190299	Monet%20w1061.jpg
78833093	Monet%20-%20Wildenstein%201996%2C%2058.png
50772166	La%20route%20de%20V%C3%A9theuil%2C%20effet%20de%20neige%20by%20Claude%20Monet.jpg
79790735	ClaudeMonet-1900-Houses%20of%20Parliament%2C%20Symphony%20in%20Rose.png
67183649	Monet%20-%20Bridge%20at%20Dolceacqua%2C%201884.jpg
123776454	7154%20Paisaje.jpg
20809485	Monet%20-%20Waterloo%20Bridge%2C%20Morning%20Fog%2C%201901.jpg
72692376	Monet%20-%20andre-lauvray%281%29.jpg
20538957	Monet%20-%20Meadow%20with%20Haystacks%20near%20Giverny%2C%201885.jpg
50014552	Monet%20Ext%C3%A9rieur%20de%20la%20gare%20Saint-Lazare%2C%20arriv%C3%A9e%20d%27un%20train.jpg
3821170	Bras%20de%20Seine%20pr%C3%A8s%20de%20Giverny%20%281897%29%20Claude%20Monet%20-%20Mus%C3%A9e%20d%27Orsay%20%28W%201487%29.jpg
113482581	Claude%20Monet%20-%20Le%20Parlement%2C%20soleil%20couchant%20%28W%201604%29.jpg
17494035	Claude%20Monet%20036.jpg
50772917	Monet%20-%20un%20bras%20de%20Seine%20pr%C3%A8s%20de%20V%C3%A9theuil.jpg
17492333	Monet%20-%20the-seine-seen-from-the-heights-chantemesle.jpg
17331228	Bloemen%20Rijksmuseum%20SK-A-2933.jpeg
96244371	Claude%20Monet%20-%20Pommiers%20en%20fleurs%20-%20ULC%20Chicago.jpg
67197624	Monet%20-%20Charing%20Cross%20Bridge%2C%20NMW%20A%202483.jpg
28797624	Claude%20Monet%20-%20The%20Water%20Lilies%20-%20The%20Two%20Willows%20-%20Google%20Art%20Project.jpg
28777026	Claude%20Monet%20-%20Waterloo%20Bridge%20-%20Google%20Art%20Project.jpg
50115235	Monet%20Ansicht%20von%20Vetheuil.jpg
17436681	Claude%20Monet%20-%20Rouen%20Cathedral%2C%20Facade%20%28Morning%20effect%29.JPG
116241564	Monet%20-%20%C3%89tretat%2C%20L%27Aiguille%20et%20la%20Porte%20d%27Aval%2C%201885-1886.jpg
20809481	Monet%20-%20The%20Grande%20Creuse%20at%20Pont%20de%20Vervy%2C%201889.jpg
83901296	Morning%20on%20the%20Seine%2C%20Giverny%20-Matin%C3%A9e%20sur%20la%20Seine-%201966-48.jpg
106849734	Monet%20-%20Gorge%20of%20the%20Petit%20Ailly%2C%20Varengeville%2C%201897.jpg
24953827	Claude%20Monet%2C%20The%20Gare%20St-Lazare%2C%201877.jpg
50415977	Monet-Mont-Kolsaas-Marmottan-.jpg
47614358	Pheasant%20Claude%20Monet%201869.jpeg
17436693	Rouen%20Cathedral%20W1361.jpg
17494554	Claude%20Monet%20-%20Blue%20Water%20Lilies%20-%20Google%20Art%20Project.jpg
19198168	Claude%20Monet%20-%20Waterloo%20Bridge%20in%20London%20-%20Google%20Art%20Project.jpg
17436697	Claude%20Monet%20-%20Rouen%20Cathedral%2C%20Facade%20and%20Tour%20d%27AlbaneI.JPG
104774128	Claude%20Monet%20-%20Spring%20in%20Giverny%20%281890%29.jpg
20267913	Claude%20Monet%20-%20Poppy%20Field%20%28Giverny%29%20-%201922.4465%20-%20Art%20Institute%20of%20Chicago.jpg
20421336	Claude%20Monet%20-%20V%C3%A9theuil%20-%20Google%20Art%20Project%20%28427751%29.jpg
93162092	Monet%20-%20Die%20Seine%20bei%20Rouen%2C%201874.jpg
24046541	Claude%20Monet%20-%20Fishing%20nets%20at%20Pourville%20-%20Google%20Art%20Project.jpg
77730416	Monet%20w1097.jpg
64511464	Monet%20-%20The%20Seine%20at%20Giverny%2C%201885.jpg
49468199	Claude%20Monet%20-%20Poplars%20%28Autumn%29%20II.JPG
30093031	Batch%20Mattes%2020130310%20NP%20%287%29.JPG
20188756	Ships%20Riding%20on%20the%20Seine%20at%20Rouen%20by%20Claude%20Monet%2C%201872.jpg
22205297	Claude%20Monet%20-%20Rain%2C%20%C3%89tretat%20-%20NG.M.00368%20-%20National%20Museum%20of%20Art%2C%20Architecture%20and%20Design.jpg
19905447	Claude%20Monet%20-%20Landscape%2C%20The%20Parc%20Monceau.jpg
60606924	Claude%20Monet%20-%20Springtime%20-%20Johannesburg%20Art%20Gallery.jpg
18683906	Claude%20Monet%2C%20French%20-%20Poplars%20-%20Google%20Art%20Project.jpg
2381272	Claude%20Monet%20-%20Camille%20Monet%20sur%20son%20lit%20de%20mort.JPG
68372817	Monet%20w%2066.jpg
108479180	MB-Mon-24%20Monet%20Die-Pappeln-in-Giverny.jpg
108479181	MB-Mon-28%20Monet%20Eisschollen-in-Bennecourt.jpg
3820706	Claude%20Monet%20-%20Cath%C3%A9drale%20de%20Rouen.%20Harmonie%20blanche.jpg
19906243	Chrysanthemums%20%28Monet%29.JPG
84554666	Colmar%20-%20Unterlinden%20Museum%20-%20La%20Vall%C3%A9e%20de%20la%20Creuse%2C%20soleil%20couchant%20%28The%20Creuse%20Valley%2C%20setting%20sun%29%201889%20by%20Claude%20Monet%20%281840-1926%29%20-%20Oil%20on%20Canvas%2002.jpg
117435188	Monet%20w588.jpg
84859469	Claude%20Monet%20-%20%C3%89glise%20de%20Varengeville%2C%20effet%20du%20matin.jpg
17436689	Claude%20Monet%20La%20cath%C3%A9drale%20de%20Rouen%2C%20le%20portail.jpg
49467768	Monet%20three-trees-autumn-effect%20W1306.jpg
79868506	Claude%20Monet%20-%20Les%20Glacons.jpg
106884063	MB-Mon-30%20Monet%20Der-Rio-della-Salute.jpg
67197234	Claude%20monet%20effet%20de%20neige%20a%20giverny.jpg
20538857	Monet%20-%20Antibes%20Seen%20from%20the%20Plateau%20Notre-Dame%2C%201888.jpg
49221996	Boulevard%20Heloise%20Argenteuil%20by%20Claude%20Monet%201872.jpeg
56809317	Monet-Water-lilies-Reflections-Chichu-museum.tif
50819562	MB-Mon-09%20Monet%20Weizenfeld%201.jpg
74260844	Claude%20monet%2C%20il%20disgelo%2C%201880.jpg
21712145	Monet%2C%20Claude%20-%20Hut%20in%20Trouville%2C%20Low%20Tide%2C%20the%20%281881%29.jpg
19018954	Claude%20Monet%20-%20Heavy%20Sea%20at%20Pourville%20-%20Google%20Art%20Project.jpg
19564337	Claude%20Monet%2C%20Le%20Grand%20Canal.jpg
42882621	Monet%20-%20Cliffs%20near%20Dieppe%2C%201882.jpg
50013663	Monet%20La%20Tranch%C3%A9e%20des%20Batignolles.jpg
4931530	Monet%20-%20canoaepte01.jpg
50768427	Claude%20Monet%20-%20Le%20parc%20Monceau.jpg
47510174	Monet%2C%20Champ%20d%27avoine%20aux%20coquelicots%20%28%20Mus%C3%A9e%20d%27art%20moderne%20et%20contemporain%2C%20Strasbourg%20%29.JPG
38623358	Waterloo%20Bridge%2C%201903%2C%20by%20Claude%20Monet%20%281840-1926%29%20-%20IMG%207175.JPG
76630321	Monet%20w1055.jpg
49469903	Three%20Trees%20in%20Grey%20Weather%201891%20Claude%20Monet.jpg
24953802	Monet%20Pointe%20de%20la%20H%C3%A8ve.jpg
28039645	Claude%20Monet%20-%20The%20Windmill%20on%20the%20Onbekende%20Gracht%2C%20Amsterdam%20-%2098.293%20-%20Museum%20of%20Fine%20Arts%2C%20Houston.jpg
941549	Claude%20Monet%20La%20Grenouill%C3%A9re.jpg
17495944	Trophies-of-the-hunt-Monet.jpg
19199277	Claude%20Monet%20-%20V%C3%A9theuil%20-%20Google%20Art%20Project.jpg
50772899	Monet%20-%20Das%20blaue%20Haus%20in%20Zaandam.jpg
65035057	Claude%20Monet%20-%20Le%20bateau-atelier%20-%20MAH%20Neuch%C3%A2tel.jpg
17492002	Monet%20-%20Wildenstein%201996%2C%20242.png
116143411	Monet%20-%20Maisons%20%C3%A0%20Falaise%2C%20brouillard.jpg
50775646	MuMA%20-%20Monet%20-%20Soleil%20d%27hiver%20%C3%A0%20Lavacourt.jpg
98447007	Monet%20-%20Charing%20Cross%20Bridge%20-%20Shelburne.jpg
87368194	Monet%20-%20Nymph%C3%A9as%20%28Water%20Lilies%29%2C%201907.jpg
96198879	Monet%20-%20Wildenstein%201996%2C%201506.jpg
50697752	Monet%20-%20Unter%20Zitronenb%C3%A4umen.jpg
67585046	Monet%20w1524.jpg
17491281	Claude%20Monet%20-%20Wind%20Effect%2C%20Series%20of%20The%20Poplars%20-%20Google%20Art%20Project.jpg
7548371	Monet%20Snow%20at%20Argenteuil%201875.jpg
79139231	Claude%20Monet%20-%20Poplars%2C%20Pink%20Effect%20-%202019.67.14.McD%20-%20Dallas%20Museum%20of%20Art.jpg
50415974	Monet-Barque-Marmottan.jpg
106697989	Monet%20-%20La%20Seine%20%C3%A0%20Argenteuil%20-%20SFMOMA.jpg
50415949	Claude%20Monet%20Nympheas%20Marmottan.jpg
42882613	Monet%20-%20Waterloo%20Bridge%2C%20London%2C%201903.jpg
84243169	Waterlillies%20by%20Claude%20Monet%20c%201914%20-%20Portland%20Art%20Museum.JPG
20180920	Houses%20on%20the%20Achterzaan%20MET%20DT719.jpg
108479179	MB-Mon-23%20Monet%20Unter-den-Pappeln%201.jpg
20269469	Claude%20Monet%20-%20V%C3%A9theuil%20-%201933.1161%20-%20Art%20Institute%20of%20Chicago.jpg
17436675	Claude%20Monet%20-%20Rouen%20Cathedral%2C%20Facade%20I.jpg
78749603	Claude%20Monet%20-%20Water%20Lilies%20-%20134-1956%20-%20Saint%20Louis%20Art%20Museum.jpg
20538895	Claude%20Monet%20-%20Flower%20Beds%20at%20V%C3%A9theuil%20-%20Google%20Art%20Project.jpg
67197623	Monet%20-%20The%20Pool%20of%20London%2C%20NMW%20A%202486.jpg
50807667	Monet%20-%20Wald%20von%20Fontainbleau.jpeg
117435199	Monet%20w1443.jpg
90598726	Monet%20-%20The%20Church%20V%C3%A9theuil.jpg
124250874	Monet%20-%20Le%20phare%20de%20Honfleur%2C%201864.jpg
20188876	Woman%20Seated%20under%20the%20Willows%20E11686.jpg
3968022	Monet%2C%20Pond-at-Montgeron.jpg
68041445	Monet%20w1062.jpg
95911180	Water%20Lilies%20by%20Monet%20%28Yamagata%20Museum%20of%20Art%29.jpg
63952029	Claude%20Monet%20-%20Nymph%C3%A9as%20W1660%20-%20Mus%C3%A9e%20Marmottan-Monet.jpg
20538866	Claude%20Monet%20-%20Rue%20de%20la%20Bavole%2C%20Honfleur%20-%20Google%20Art%20Project.jpg
20268615	Claude%20Monet%20-%20On%20the%20Bank%20of%20the%20Seine%2C%20Bennecourt%20-%201922.427%20-%20Art%20Institute%20of%20Chicago.jpg
20881340	%27The%20Beach%20at%20Honfleur%27%20by%20Claude%20Monet%2C%20LACMA.jpg
83901250	Monet%20-%20Wildenstein%201996%2C%201251.png
106875235	Monet%20-%20View%20of%20the%20Seine%2C%20Lavacourt%2C%201880.jpg
19967296	Monet-Tuileries-Marmottan.jpg
50414612	Claude%20Monet%20043.jpg
3795191	Claude%20Monet%20-%20The%20Railroad%20bridge%20in%20Argenteuil%20-%20Google%20Art%20Project.jpg
47781873	Monet%2C%20Claude%20-%20Twilight%2C%20Venice%20-%20Artizon%20Museum.jpg
17492316	Monet%20-%20La%20Seine%20%C3%A0%20V%C3%A9theuil%2C%201879.jpg
50808003	Haystacks%20at%20Chailly%20at%20Sunrise%2C%201865%2C%20oil%20on%20canvas%2C%2011%207-8%20x%2023%203-4%20inches%20%2830%20x%2060%20cm%29%2C%20San%20Diego%20Museum%20of%20Art.jpg
20268037	Monet%20-%20Irises%2C%201914-17%2C%201956.1202.jpg
105416251	5299498896%200cebeb4344%20o%20w1621.jpg
116213360	Springtime%20near%20V%C3%A9theuil%20-%20Claude%20Monet%20-%20Wallraf-Richartz%20Museum%20-%20Cologne%20-%20Germany%202017.jpg
3794121	Monet%2C%20Claude%20-%20Corner%20of%20the%20Garden%20at%20Montgeron.jpg
19905213	Bridge%20Over%20a%20Pond%20of%20Water%20Lilies%2C%20Claude%20Monet%201899.jpg
67183659	The%20Seine%20near%20Asnieres%20%281873%29%20-%20Claude%20Monet.jpg
27953870	Claude%20Monet%20-%20Le%20Pont%20de%20Argenteuil%2C%201875.jpg
105099625	Monet%20w1225.jpg
60465880	Water%20Lilies%20%28Agapanthus%29%2C%20by%20Claude%20Monet%2C%20Cleveland%20Museum%20of%20Art%2C%201960.81.jpg
2070487	Monet%20Claude%2C%20The%20Beach%20at%20Pourville%2C%201882.jpg
50415952	Claude%20Monet%20Saule%20pleureur.jpg
10333082	Monet%20w343.jpg
19838025	Molens%20bij%20Zaandam%20-%20s0503S2001%20-%20Van%20Gogh%20Museum.jpg
70781190	Monet%20-%20Road%20toward%20the%20Farm%20Saint-Sim%C3%A9on%2C%20Honfleur%2C%201867.jpg
17492954	Claude%20Monet%2C%20Le%20Givre%20%281880%2C%20from%20C2RMF%29.jpg
50415968	Monet%20paris%20marmottan%20strand%20trouville.jpg
108479165	Claude%20Monet%20-%20Nature%20morte%20au%20melon%20d%E2%80%99Espagne.jpg
48610629	Claude%20Monet%20-%20Meules%2C%20milieu%20du%20jour%20%28Haystacks%2C%20midday%29%20-%20Google%20Art%20Project.jpg
50434661	Le%20Pav%C3%A9%20de%20Chailly%20in%20the%20Forest%20of%20Fontainebleau%20%28Monet%29.jpg
20268687	Monet%20-%20Venice%2C%20Palazzo%20Dario%2C%201908.jpg
124336209	Claude%20monet%2C%20neve%20ad%20argenteuil%2C%201875%20ca..JPG
63876550	Claude%20Monet%20-%20Haystack%20in%20the%20Evening%20Sun%20-%20G%C3%B6sta%20Serlachius%20Fine%20Arts%20foundation.jpg
10317575	Claude%20Monet%20%28mus%C3%A9e%20de%20lOrangerie%2C%20Paris%29%20%288231007934%29.jpg
26692357	Monet%20The%20Thames%20at%20Westminster%201871%20Westminster.jpg
50819565	The%20Church%20at%20Varengeville%2C%20Grey%20Weather%20by%20Claude%20Monet%2C%201882.jpg
20189481	Cliffs%20at%20Pourville%20A21450.jpg
79790758	Monet%20w1249.jpg
734082	Claude%20Monet%2C%201867%2C%20Regatta%20at%20Sainte-Adresse%2C%20Metropolitan%20Museum%20of%20Art.jpg
50807954	Claude%20Monet%20-%20Street%20in%20Sainte-Adresse%20%281867%29.jpg
17493333	Claude%20Monet%20017.jpg
78833048	Claude%20Monet%20Pyramides%20Port%20Coton.jpg
19905131	1891%20Monet%20The%20four%20trees%20anagoria.JPG
63952027	Claude%20Monet%20-%20Nymph%C3%A9as%2C%20effet%20du%20soir%20W1504%20-%20Mus%C3%A9e%20Marmottan-Monet.jpg
92787520	Claude%20Monet%20-%20La%20Seine%20pr%C3%A8s%20d%E2%80%99Argenteuil.jpg
70578980	Claude%20Monet%20-%20Vue%20de%20Giverny%20-%20TMoCA.jpg
17436673	Claude%20Monet%20-%20Rouen%20Cathedral%2C%20Facade%20%28Sunset%29.JPG
77467845	Monet%20-%20Chemin%20de%20halage%20%C3%A0%20Argenteuil%20%28Towpath%20at%20Argenteuil%2C%20Winter%29%2C%201875-1876.tif
19869121	Monet%2C%20Claude%20-%20Winter%20Landscape%20at%20the%20Val%20de%20Falaise%20%28Giverny%29%20%281885%29.jpg
19906244	Claude%20Monet%20-%20View%20of%20V%C3%A9theuil.jpg
43083231	WLANL%20-%20adagio808%20-%20Cloude%20Monet%2C%20Falaises%20pr%C3%A8s%20de%20Pourville%20%281882%29.jpg
48976852	Claude%20Monet%20-%20Le%20palais%20da%20Mula.jpg
17436686	Monet-RouenKathedrale%20von%20Rouen%20DSC8884.jpg
50765320	%27Camille%20in%20the%20Garden%20with%20Jean%20and%20a%20Maid%27%20by%20Claude%20Monet%2C%201873.jpg
68969174	Monet%20-%20La%20Rue%20de%20la%20Bavolle%20%C3%A0%20Honfleur%2C%201864.jpg
20538908	Water-Lily%20Pond%20MFA%20Boston%2061.959%20Catalog%20No%201630.jpg
17491401	Monet%201%20-%20Roqueton.jpg
28131286	3607%20Paisaje%20en%20Port-Villez.jpg
20188707	Claude%20Monet%20-%20Int%C3%A9rieur%2C%20Apr%C3%A8s%20d%C3%AEner.jpg
50415942	%27En%20promenade%20pr%C3%A8s%20d%27Argenteuil%27%20by%20Claude%20Monet%2C%201875.jpg
19912575	The%20Seine%20at%20V%C3%A9theuil%20MET%20DT1886.jpg
50775663	The%20House%20on%20the%20River%20Zaan%20in%20Zaandam.jpg
1114220	Claude%20Monet%20-%20Champ%20de%20coquelicots%20pr%C3%A8s%20de%20V%C3%A9theuil.jpg
17496088	Claude%20monet%2C%20v%C3%A9theuil%2C%20sole%20al%20tramonto%2C%201900%20ca.JPG
76424013	Monet%20-%20Wildenstein%201996%2C%201086.png
24058801	Monet%20-%20La%20maison%20%C3%A0%20travers%20les%20roses%2C%201925-1926.jpg
3821389	Monet%2C%20la%20barca%20blu%2C%20thyssen.jpg
3795194	Claude%20Monet%20-%20Waterloo-Br%C3%BCcke%20-%201903.jpeg
84056666	Monet%20-%20charing-cross-bridge-cleopatra-s-needle-1901.jpg
19123690	Claude%20Monet%20-%20Peony%20Garden%20-%20Google%20Art%20Project.jpg
50765310	%27Au%20Petit-Gennevilliers%27%20by%20Claude%20Monet%2C%201874.jpg
19869126	Jardin%20%C3%A0%20Bordighera%2C%20impression%20de%20matin%20--%20Claude%20Monet%2C%201884%2C%20Hermitage.jpg
50772178	Monet%20-%20Das%20Atelierboot.jpg
19912538	Poppy%20Fields%20near%20Argenteuil%20MET%20DT1034.jpg
106925119	Monet%20w1006.jpg
82119541	Claude%20monet%20vue%20du%20village%20de%20giverny%29.jpg
20268079	Monet%20-%20Charing%20Cross%20Bridge%2C%20London%2C%201901.jpg
50697763	Windmill%20and%20Boats%20near%20Zaandam%2C%20Holland%2C%20by%20Claude%20Monet%2C%201871%20-%20Ny%20Carlsberg%20Glyptotek%20-%20Copenhagen%20-%20DSC09437.JPG
50765327	Monet%20-%20Canal%20in%20Zaandam%20%28Q50765327%2C%20VVAF%29.jpg
124252687	Monet%20w1023.jpg
3821388	Monet%20-%20In%20der%20Barke.jpg
25410258	Monet%20Poplars%20on%20the%20River%20Epte.jpg
91095552	Claude%20Monet%20-%20Champ%20d%27avoine%20%281890%29%20-%20Harn%20Museum%20of%20Art.jpeg
50415946	Claude%20Monet%20Nympheas%201915%20Musee%20Marmottan%20Paris.jpg
19912122	Dr.%20Leclench%C3%A9%20MET%20DT1900.jpg
56809063	Monet-Water-lilies-cluster-of-grass-Chichu-museum.tif
17491869	Monet%20-%20Wildenstein%201996%2C%20737.png
18523073	La%20grande%20all%C3%A9e%20%C3%A0%20Giverny%20%28mus%C3%A9e%20des%20beaux-arts%20de%20Montr%C3%A9al%29%20%284086369799%29.jpg
17490850	Monet%20-%20Bateaux%20de%20plaisance%2C%20Argenteuil%2C%201872-1873.jpg
50819933	Claude%20Monet%20-%20Chemin%20dans%20les%20bl%C3%A9s%20%C3%A0%20Pourville%20%281882%29.jpg
20809483	The%20Zuiderkerk%2C%20Amsterdam%20by%20Claude%20Monet%2C%201874.jpg
19925050	Claude%20monet%2C%20primavera%20a%20v%C3%A9theuil%2C%201880.jpg
19905274	Claude%20Monet%20052.jpg
124254552	Monet%20w251.jpg
20891288	Claude%20Monet%20-%20Still%20Life%20with%20Pheasants%20and%20Plovers%20-%20Google%20Art%20Project.jpg
129167125	%22Rand%20der%20Steilk%C3%BCste%20bei%20Pourville%22%20%281882%29%20von%20Claude%20Monet%20-%20Staatsgalerie%20Stuttgart.jpg
115801348	Claude%20Monet%20-%20Nympheas%20en%20fleur.jpg
10271033	Eglise%20de%20V%C3%A9theuil.jpg
50818701	Monet%20-%20Blick%20auf%20V%C3%A9theuil%20-%201881.jpeg
95626741	Monet%20w24.jpg
19570879	Monet-ArgenteuilBasinWithASingleSailboat.jpg
22205317	Claude%20Monet-Soleil%20couchant%20%C3%A0%20Etretat.jpg
29654797	Monet%20-%20ice-floes-on-the-seine-at-bougival-1868.jpg
114413855	Claude%20Monet%20-%20Le%20Palais%20Contarini%20%28W%201767%29.jpg
115739250	MONET%20Claude%20Les%20Ravins%20de%20la%20Creuse%20Huile%20sur%20toile.jpg
67220780	Monet%20-%20Small%20Country%20Farm%20at%20Bordighera%20%28Un%20coin%20de%20ferme%20%C3%A0%20Bordighera%29%2C%201884.jpg
68041448	Monet%20w1371.jpg
24046880	Quai%20du%20Louvre%201867%2C%20by%20Claude%20Monet.jpg
29654799	1867%20The%20Road%20in%20front%20of%20Saint-Simeon%20Farm%20in%20Winter.jpg
17436674	Rouen%20Cathedrale%20Monet%20Belgrade%20W1329.jpg
105099586	Monet%20w1837.jpg
17492319	Monet%20-%20LA%20SEINE%20A%20VETHEUIL%2C%201879%20entre%20%3B%201882%20et.jpg
20809476	Haze%20Philadelphia%2002.JPG
10392679	V%C3%A9theuil%20dans%20le%20brouillard.jpg
124250958	Monet%20-%20Wildenstein%201996%2C%201980.png
20538954	Claude%20Monet%20-%20Valley%20of%20the%20Creuse%20%28Gray%20Day%29%20-%20Google%20Art%20Project.jpg
23948838	Claude%20Monet%20-%20Road%20of%20La%20Roche-Guyon%20-%20Google%20Art%20Project.jpg
17491735	Claude%20Monet%20007.jpg
17494482	Route%2C%20effet%20de%20neige%2C%20soleil%20couchant%20%28Monet%29.jpg
84729387	Monet%20-%20Fishing%20Boats%20at%20Sea%2C%201868.jpg
19912124	Rapids%20on%20the%20Petite%20Creuse%20at%20Fresselines%20MET%20DT226477.jpg
20266370	Monet%20-%20The%20Petite%20Creuse%20River%2C%201889.jpg
22205300	Monet%20-%20Sonnenaufgang%20bei%20Etretat.jpg
24046494	Claude%20Monet%20-%20Wisteria%20-%20Google%20Art%20Project.jpg
50769782	Claude%20Monet%20-%20The%20Train.jpg
64174089	Monet%20-%20Waterlilies%20Pond%2C%20Green%20Reflection%2C%201920-26%2C%20Wildenstein%201979.jpg
66486301	MB-Mon-31%20Monet%20Der-Palazzo-Contarini.jpg
67197627	Monet%20-%20The%20Palazzo%20Dario%2C%20NMW%20A%202481.jpg
3966658	Claude%20Monet%20-%20The%20Beach%20at%20Sainte-Adresse%20-%20Google%20Art%20Project.jpg
50766851	Claude%20Monet%20-%20Flowered%20Riverbank%2C%20Argenteuil.jpg
129262177	Claude%20Monet%20-%20Le%20Mont%20Kolsaas%2C%20Norv%C3%A8ge%2002.jpg
50807664	Claude%20Monet%2C%20Adolphe%20Monet%20in%20the%20Garden%20of%20Le%20Coteau%20at%20Sainte-Adresse%2C%201867.jpg
19912384	Morning%20on%20the%20Seine%20near%20Giverny%20MET%20DT1903.jpg
49472752	Monet%20poplars-on-the-banks-of-the-epte-autumn-1891%2066x101%20W1297.jpg
3828905	Claude%20Monet%20-%20The%20Water%20Lilies%20-%20The%20Clouds%20-%20Google%20Art%20Project.jpg
2385427	Femme%20%C3%A0%20l%27ombrelle%20tourn%C3%A9e%20vers%20la%20droite%20-%20Claude%20Monnet%20-%20Mus%C3%A9e%20d%27Orsay%20RF%202620.jpg
50807793	Claude%20Monet%20-%20Chevaux%20%C3%A0%20la%20pointe%20de%20la%20H%C3%A8ve.jpg
28776223	Claude%20Monet%20-%20Pond%20with%20Water%20Lilies%20-%20Google%20Art%20Project.jpg
63033941	Claude%20Monet%20Phoenix%20Art%20Museum.jpg
84056391	Monet%20w585.jpg
105099575	Monet%20w632.jpg
28797628	Claude%20Monet%20-%20View%20of%20the%20Prins%20Hendrikkade%20and%20the%20Kromme%20Waal%20in%20Amsterdam%20-%20Google%20Art%20Project.jpg
20268564	Claude%20Monet%20-%20Boats%20on%20the%20Beach%20at%20%C3%89tretat%20-%201947.95%20-%20Art%20Institute%20of%20Chicago.jpg
20809472	Marine%20near%20%C3%89tretat.JPG
67200138	Bemberg%20Fondation%20Toulouse%20-%20Claude%20Monet%20-%20Portrait%20de%20son%20fils%20Jean%20en%20bonnet%20%C3%A0%20pompon%20-%201869%2042x33%20Inv.2076.jpg
2872715	Claude%20Monet-Portrait%20de%20l%27artiste-1917.jpg
50818698	Vase%20of%20Flowers%20Claude%20Monet.jpg
10322900	Claude%20Monet-Madame%20Monet%20en%20costume%20japonais.jpg
106775625	Monet%2C%20Claude%2C%20Meadow%20at%20Giverny.jpg
66502278	Claude%20Monet%20-%20Les%20Pyramides%20de%20Port-Coton%2C%20effet%20de%20soleil.jpg
28758117	Monet%20View%20of%20Bordighiera%2031db607334.jpg
20266369	Claude%20Monet%20-%20The%20Departure%20of%20the%20Boats%2C%20%C3%89tretat%20-%201922.428%20-%20Art%20Institute%20of%20Chicago.jpg
28128602	Monet%20w%20283%20Mademoiselle%20Bonnet.jpg
124343564	Water%20Lilies%2C%20Reflections%20of%20Weeping%20Willows%20by%20Claude%20Monet%2C%20c.%201916-19.JPG
60389924	Claude%20Monet%20-%20Leicester%20Square.jpg
50771186	Claude%20Monet%2C%20River%20at%20Lavacourt%2C%201879%2C%20Oil%20on%20canvas.jpg
114458329	Claude%20monet%20waterloo%20bridge%20soleil%20voil233101946%29.jpg
19905237	The%20Bodmer%20Oak%2C%20Fontainebleau%20Forest%20MET%20DT1560.jpg
49985258	Claude%20Monet%20-%20The%20Gare%20Saint-Lazare%3B%20Arrival%20of%20a%20Train%20-%201877.jpg
17436692	Rouen%20Cathedral%20Portal%20W1359.jpg
64174101	Monet%20-%20Das%20Nachtessen%2C%201868-69.jpg
20190907	Waterloo%20Bridge%2C%20London%2C%20at%20Sunset%20E11705.jpg
28128614	Claude%20Monet%20Camille%20au%20m%C3%A9tier.jpg
66248446	Claude%20Monet%20-%20Le%20Pont%20de%20Waterloo%2C%20temps%20gris%20-%20Ordrupgaard.jpg
68041441	Monet%20w903.jpg
4429116	Claude%20Monet%20-%20The%20Magpie%20-%20Google%20Art%20Project.jpg
23939642	Claude%20Monet%20-%20The%20Road%20to%20V%C3%A9theuil%20-%20Google%20Art%20Project.jpg
27970657	Monet%20-%20Femme%20assise%20dans%20le%20jardin%20%281876%29.jpg
66573134	Claude%20Monet%20-%20Saules%20au%20soleil%20couchant%20%28W1242%29.jpg
93456852	Leipzig%2C%20Museum%20der%20bildenden%20K%C3%BCnste%2C%20Claude%20Monet%2C%20Boote.JPG
20809480	Claude%20Monet%20-%20The%20Railway%20Bridge%20at%20Argenteuil%20%28Philadelphia%29.jpg
98447005	Monet%20-%20L%27%C3%A9glise%20de%20Vernon%2C%20brouillard.jpg
85225152	Monet%20w%20278%20the%20bridge%20at%20argenteuil.jpg
67609602	Monet%20Eisschollen%20im%20Daemmerlicht%201afe326603.jpg
26689479	Claude%20Monet%20-%20Le%20Grand%20Canal%20-%20Nahmad%20Collection.jpg
105099603	The%20Artist%27s%20House%20Seen%20from%20the%20Rose%20Garden%20by%20Claude%20Monet%205103.JPG
20809477	Monet%20-%20Nymph%C3%A9as%2C%20Japanese%20Bridge%2C%201918-1926%2C%201974-178-38.jpg
50769770	Claude%20Monet%20-%20Le%20Pont%20de%20Bois.jpg
19914267	The%20Doge%27s%20Palace%20Seen%20from%20San%20Giorgio%20Maggiore%20MET%20DT1904.jpg
28776290	Claude%20Monet%20-%20Ice%20breaking%20up%20on%20the%20Seine%20near%20Bennecourt%20-%20Google%20Art%20Project.jpg
50807666	Promenade%20sur%20la%20falaise%20de%20Sainte-Adresse%2C%20by%20Claude%20Monet%2C%201867%2C%20oil%20on%20canvas%20-%20Matsuoka%20Museum%20of%20Art%20-%20Tokyo%2C%20Japan%20-%20DSC07396.JPG
98910166	Monet%20w911.jpg
95689721	Monet%20-%20Wildenstein%201996%2C%201802.png
50819571	The%20Gorge%20at%20Varengeville%20by%20Claude%20Monet%2C%201882.JPG
17491280	Claude%20Monet%20-%20Effet%20de%20neige%20%C3%A0%20V%C3%A9theul.jpg
18023036	Claude%20Monet%20-%20Le%20Bloc.jpg
50771175	Claude%20Monet%20Village%20Street%20Vetheuil.jpg
79162790	Monet%20-%20Water%20Lilies%2C%201908.jpg
108354259	Monet%20-%20Wildenstein%201996%2C%201577.png
115902260	Monet%20w1237.jpg
64517633	Claude%20Monet%20-%20A%20Walk%20in%20the%20Meadows%20at%20Argenteuil%20-%201998.107%20-%20Rhode%20Island%20School%20of%20Design%20Museum.jpg
3696344	Claude%20Monet%20-%20Meule%20pr%C3%A8s%20de%20Giverny%20%281889%29%20-%20Pushkin%20Museum%20%D0%96-3398.jpg
26708368	Claude%20Monet%2C%20The%20Water-Lily%20Pond%20%28National%20Gallery%2C%20London%29.jpg
20463803	Claude%20Monet%20-%20Port-Goulphar%2C%20Belle-%C3%8Ele%20-%20Google%20Art%20Project.jpg
7581196	Claude%20Monet%20-%20Springtime%20-%20Walters%203711.jpg
70781259	Monet%20-%20House%20of%20the%20Customs%20Officer%2C%20Varengeville%2C%201882.jpg
27883272	Claude%20Monet%20-%20Le%20pont%20japonais%20%28Japanese%20Bridge%29%20-%20L2016-18-1%20-%20Auckland%20Art%20Gallery.jpg
84729398	Monet%20-%20View%20of%20Cap%20d%E2%80%99Antibes%2C%201888.jpg
20538887	Monet%20-%20Cliffs%20of%20the%20Petites%20Dalles%2C%201880.jpg
78643172	Monet%20-%20Charing%20Cross%20Bridge%2C%201903.jpg
47781362	Claude%20Monet%2C%20Londres%2C%20Le%20Parlement%2C%20Reflets%20sur%20la%20Tamise%2C%201905%2C%20huile%20sur%20toile%2C%20Mus%C3%A9e%20Marmottan%20Monet%2C%20Paris.jpg
64577786	Claude%20Monet%20-%20Neige%20%C3%A0%20Argenteuil%20%281874-75%29.jpg
19200679	Claude%20Monet%20-%20Morning%20on%20the%20Seine%20-%20Google%20Art%20Project.jpg
48091652	Monet%20grainstacks-at-giverny-morning-effect%20W1214.jpg
24021212	Portrait%20of%20Guurtje%20after%20conservation.jpg
29654798	Claude%20monet%2C%20il%20disgelo%20verso%20v%C3%A9theuil.jpg
20809484	Under%20the%20Pines%2C%20Evening.JPG
20538871	Claude%20Monet%2C%20Haystack%2C%20Morning%20Snow%20Effect%20%28Meule%2C%20Effet%20de%20Neige%2C%20le%20Matin%29%2C%201891%2C%20oil%20on%20canvas%2C%2065%20x%2092%20cm%2C%20Museum%20of%20Fine%20Arts%2C%20Boston.jpg
18683988	Claude%20Monet%20-%20Jar%20of%20Peaches%20-%20Google%20Art%20Project.jpg
20188693	The%20Cradle%20-%20Camille%20with%20the%20Artist%27s%20Son%20Jean%20A14894.jpg
48977623	Autoportret%20Claude%20Monet.jpg
34613620	Monet%20Cour%20d%27Albane%20temps%20gris.jpg
19883731	Claude%20Monet%20-%20Agapanthus.jpg
73554969	ClaudeMonetBanksoftheSeine.jpg
21712046	Claude%20Monet%20-%20The%20thaw%20at%20Vetheuil.jpg
82836155	Claude%20Monet%20-%20Waterloo%20Bridge%2C%20Effet%20de%20Soleil.jpg
49864671	Monet%20-%20Ponte%20Japonesa.JPG
67959124	Claude%20Monet%20-%20Church%20of%20Vernon%2C%20Fog%20-%20Rosengart%20collection.jpg
116143375	Monet%20-%20Wildenstein%201996%2C%201815.png
20266922	Claude%20Monet%20-%20%C3%89tretat%2C%20The%20Beach%20and%20the%20Falaise%20d%27Amont%20-%201964.204%20-%20Art%20Institute%20of%20Chicago.jpg
107529468	Monet%20-%20Bordighera%201884.jpg
108479169	MB-Mon-12%20Monet%20Kante-der-Steilkueste-bei-Pourville.jpg
17490740	Monet%20-%20Argenteuil%2C%201872.jpg
66929477	Claude%20Monet%20-%20L%27aiguille%20d%27%C3%89tretat%20vue%20%C3%A0%20travers%20la%20porte%20d%27Amont.jpg
66481476	Claude%20Monet%20-%20La%20Pointe%20du%20Petit%20Ailly%20-%20Nahmad%20collection.jpg
28777022	Claude%20Monet%20-%20Waterlilies%20-%20Google%20Art%20Project.jpg
105099564	Monet%20w455.jpg
106869633	MB-Mon-34%20Monet%20Der-Seerosenteich%201.jpg
46630809	Claude%20Monet%2C%20The%20Willows%2C%201880%2C%20NGA%20178254.jpg
94636838	Monet%20-%20La%20passerelle%20sur%20le%20bassin%20aux%20nymph%C3%A9as%2C%201919.jpg
20538862	Monet%20-%20Cap%20d%27Antibes%2C%20Mistral%2C%201888.jpg
96270444	Monet%20-%20Wildenstein%201996%2C%201523.jpg
79790751	ClaudeMonet-1885-Winter%20in%20Giverny.png
105416238	Monet%20-%20Wildenstein%201996%2C%20886.png
27975121	%27The%20Seine%20at%20Rouen%27%20by%20Claude%20Monet%2C%201872%2C%20Hermitage.JPG
50766796	Claude%20Monet%20-%20Automne%20sur%20la%20Seine%20Argenteuil%20%281873%29.jpg
91357761	Monet%20-%20Das%20Parlamentsgeb%C3%A4ude%20in%20London%2C%201904.jpg
59526641	Claude%20Monet%20-%20Jean-Pierre%20Hosched%C3%A9%20and%20Michel%20Monet%20on%20the%20Bank%20of%20the%20Epte.jpg
79889777	Claude%20Monet%20-%20Bateau%20couch%C3%A9%20%C3%A0%20mar%C3%A9e%20basse%20%281881%29.jpg
110620199	Claude%20Monet%20The%20Seine%20at%20Petit%20Gennevilliers.jpg
29946168	Nympheas%2071293%203.jpg
18683915	Claude%20Monet%2C%20French%20-%20Port%20of%20Le%20Havre%20-%20Google%20Art%20Project.jpg
75661228	Monet%20-%20Wildenstein%201996%2C%201013.png
50121187	1873%20Monet%20Houses%20at%20Argenteuil%20anagoria.JPG
56794103	Monet-Water-lily-pond-Chichu-museum.tif
105099569	Monet%20w1011.jpg
67959125	Claude%20Monet%20-%20Snow%20in%20Amsterdam%20-%20Rosengart%20collection.jpg
67195466	Claude%20Monet%20-%20%C3%89glise%20de%20Varengeville%2C%20effet%20matinal.jpg
20266903	Claude%20Monet%20-%20Stack%20of%20Wheat%20%28Thaw%2C%20Sunset%29%20-%201983.166%20-%20Art%20Institute%20of%20Chicago.jpg
50768368	Claude%20Monet%20-%20L%27%C3%A9t%C3%A9%20-%20Champ%20de%20coquelicots.JPG
96198895	Waterloo%20Bridge%20by%20Monet%20%28Matsushita%20Museum%20of%20Art%29.jpg
79889775	Claude%20Monet%20-%20Nymph%C3%A9as%20%281908%29.jpg
20538892	Monet%20-%20Ships%20in%20a%20Harbor%2C%20about%201873.jpg
20267671	Claude%20Monet%20-%20Water%20Lilies%20-%201906%2C%20Ryerson.jpg
66924740	Claude%20Monet%20-%20Leicester%20Square%2C%20la%20nuit.jpg
50435471	Monet%20-%20Herbst%20in%20Argentueil.jpg
110243318	%27Le%20Mont%20Riboudet%20%C3%A0%20Rouen%20au%20Printemps%27%20by%20Claude%20Monet%2C%201872.jpg
50807665	Chemin%20en%20Normandie%20by%20Claude%20Monet%2C%201868%2C%20oil%20on%20canvas%20-%20Matsuoka%20Museum%20of%20Art%20-%20Tokyo%2C%20Japan%20-%20DSC07407.JPG
50768386	Claude%20Monet%20-%20La%20f%C3%AAte%20d%27Argenteuil.jpg
64515048	Claude%20Monet%20-%20Hyde%20Park%2C%20London%20%28c.%201871%29.jpg
95920132	Monet%20-%20Beach%20of%20Sainte-Adresse%2C%201864.jpg
2891152	%27Le%20Havre%2C%20B%C3%A2teaux%20de%20Peche%20Sortant%20du%20Port%27%20by%20Claude%20Monet%2C%201874.JPG
105099595	Monet%20w1928.jpg
20180111	Claude%20Monet%20%28French%20-%20Wheatstacks%2C%20Snow%20Effect%2C%20Morning%20-%20Google%20Art%20Project.jpg
24953805	The%20Petit%20Bras%20of%20the%20Seine%20at%20Argenteuil.jpg
17436687	Claude%20Monet%20-%20Rouen%20Cathedral%2C%20West%20Facade.jpg
68609035	Monet%20w1575.jpg
20268630	Claude%20Monet%20-%20Stacks%20of%20Wheat%20%28Sunset%2C%20Snow%20Effect%29%20-%201922.431%20-%20Art%20Institute%20of%20Chicago.jpg
20538941	Monet%20-%20Snow%20at%20Argenteuil%2C%20about%201874.jpg
47616281	Claude%20Monet%20-%20The%20Promenade%20with%20the%20Railroad%20Bridge%2C%20Argenteuil%20-%2045-1973%20-%20Saint%20Louis%20Art%20Museum.jpg
108479168	MB-Mon-11%20Monet%20Der-Fluss%201.jpg
48091831	Monet%20-%20Meules%2C%20effet%20de%20neige%20-%20Shelburne.jpg
20538878	Claude%20Monet%20Mohnfeld.jpg
66991868	Monet%20-%20Wildenstein%201996%2C%20910.png
108479173	MB-Mon-18%20Monet%20Raureif-in-Giverny.jpg
91932199	Monet%20-%20The%20Break-up%20of%20Ice%20on%20the%20Seine%2C%201880%E2%80%9381.png
79790745	Monet%20-%20Wildenstein%201996%2C%201511.png
104772156	Monet%20-%20Rising%20Tide%20at%20Pourville%20%28Mar%C3%A9e%20montante%20%C3%A0%20Pourville%29%2C%201882.jpg
20809482	The%20sheltered%20path.JPG
59504767	Monet%20-%20Wildenstein%201996%2C%20663.png
50807964	%27Mouth%20of%20the%20Seine%27%20by%20Claude%20Monet%2C%20Norton%20Simon%20Museum.JPG
74100944	MBAM%20Monet%20-%20Falaise%20de%20Pourville%2C%20le%20matin.jpg
95689719	Monet%20-%20Wildenstein%201996%2C%20830.png
90728676	La%20Falaise%20%C3%A0%20F%C3%A9camp%20-%20Claude%20Monet%20-%20ABDAG003046.jpg
56259961	Claude%20Monet%20-%20Poplars%20%28Wind%20effect%29.JPG
20538920	Claude%20monet%2C%20charing%20cross%20bridge%20a%20londra%2C%201902%20ca..JPG
70781263	Eugenie%20Graff%20%28Madame%20Paul%29%2C%20by%20Claude%20Monet%2C%201882%2C%20oil%20on%20canvas%20-%20Fogg%20Art%20Museum%2C%20Harvard%20University%20-%20DSC00700.jpg
20538843	Monet%20-%20Cap%20Martin%2C%20near%20Menton%2C%201884.jpg
17493087	Monet%20-%20LE%20MONT%20KOLSAAS%20EN%20NORVEGE%2C%201895.jpg
96115249	Monet%20w827a.jpg
47618345	Claude%20Monet%20-%20Temps%20calme%20Pourville.jpg
124051911	A%20travers%20les%20arbres%2C%20%C3%8Ele%20de%20la%20Grande%20Jatte%20.jpg
117435200	Maisons%20au%20bord%20de%20la%20route%20by%20Claude%20Monet%2C%201885.jpg
25410262	Claude%20Monet%2C%20Flood%20Waters.jpg
47617615	Claude%20Monet%20-%20Le%20repos%20dans%20le%20jardin%2C%20Argenteuil.jpg
124172714	Monet%20-%20Petit-Gennevilliers%2C%20soleil%20couchant%20-%20Himeji.jpg
108479164	MB-Mon-05%20Monet%20Raureif.jpg
108479453	MB-Mon-21%20Monet%20Steilkueste-von-Aval.jpg
50532792	The%20Church%20of%20Varengeville%20and%20the%20Gorge%20of%20Moutiers%20Pass%20by%20Claude%20Monet.JPG
20724999	Claude%20Monet%20-%20Ladies%20in%20Flowers%20-%20Google%20Art%20Project.jpg
115171000	Claude%20Monet%20-%20Le%20Verger.jpg
50330976	Monet%20-%20Seineb%C3%B6schung%20bei%20Lavacourt%2C%201879.jpg
66254514	Claude%20Monet%20-%20Marine%2C%20Le%20Havre%20-%20Ordrupgaard.jpg
92787534	Monet%20w571.jpg
70140611	Monet%20-%20Villas%20in%20Bordighera%2C%201884.jpg
50772902	Monet%20-%20Die%20Zaan%20bei%20Zaandam.jpg
27969146	%27Cliffs%20near%20Dieppe%27%20by%20Claude%20Monet%2C%201897%2C%20Hermitage.JPG
116766625	VUE%20D%27ARGENTEUIL.PNG
22205287	Monet%2C%20Claude%20-%20L%27Aiguille%20vue%20%C3%A0%20travers%20la%20Porte%20d%27Aval%20%281885-1886%29%20W%201049.jpg
105099587	Water%20Lilies%20and%20Agapanthus%20by%20Claude%20Monet%2C%20Mus%C3%A9e%20Marmottan%20Monet.JPG
3791331	Monet%20-%20Truth%C3%A4hne.jpg
50818928	Claude%20Monet%20Vetheuil%2001.jpg
3235752	Les%20Tilleuls%20%C3%A0%20Poissy.png
49446122	Grainstack%20at%20Giverny%201889%20Claude%20Monet%20Tel%20Aviv.jpg
3877094	Claude%20Monet%20-%20Waterlilies%20%28Rome%29.jpg
17493907	London%2C%20the%20Houses%20of%20Parliament%2C%20Sunlight%20Opening%20in%20Fog%2C%20by%20Claude%20Monet.jpg
108479172	MB-Mon-17%20Monet%20Herbst-in-Jeufosse%201.jpg
19912434	Claude%20Monet%20-%20La%20Manneporte%20%28%C3%89tretat%29.jpg
7973309	WLA%20metmuseum%20Water%20Lilies%20by%20Claude%20Monet.jpg
105099593	Monet%20-%20Wildenstein%201996%2C%201924.png
116025708	Monet%20-%20Wei%C3%9Fe%20und%20gelbe%20Seerosen.jpeg
50432908	Lille%20PdBA%20monet%20vetheuil%20matin.JPG
19911885	Monet%20The%20stroller%20%28Suzanne%20Hoschede%29.jpg
18683354	Claude%20Monet%20-%20Haystacks%2C%20Snow%20Effect%20-%20NG%202283%20-%20National%20Galleries%20of%20Scotland.jpg
17491016	Chasse-mar%C3%A9e%20%C3%A0%20l%27ancre%20-%20Claude%20Monet.jpg
50807966	Claude%20Monnet.Coastal%20landscape.jpg
17493779	Monet%20w1100.jpg
95911185	Sous-bois%20dans%20la%20for%C3%AAt%20de%20Saint-Germain%20by%20Monet%20%28Yamagata%20Museum%20of%20Art%29.jpg
17496153	Monet%20-%20Blick%20auf%20die%20Ebene%20von%20Argenteuil.jpg
18224556	%27Landscape%20at%20Giverny%27%20%281887%29%20by%20Claude%20Monet%20-%20Museo%20Soumaya%20-%20Mexico%202024.jpg
89373175	Claude%20Monet%2C%20Waterloo%20Bridge%2C%20Sl%C3%B8ret%20sol%2C%201903%2C%20olie%20p%C3%A5%20l%C3%A6rred%2C%2064%2C77%20x%2099%2C7%20cm%2C%20Memorial%20Art%20Gallery%2C%20Rochester.jpg
28128626	Claude%20Monet%20Le%20bateau%20atelier.jpg
17496194	Monet%20Zaandam%201871%20Musee%20d%27Orsay.jpg
17494428	Monet-faisan-mus%C3%A9e%20de%20rouen.jpg
20809479	Poplars%20on%20the%20Bank%20of%20the%20Epte%20River%20%28Claude%20Monet%2C%201891%29.jpg
89373137	Monet%20-%20The%20Rocks%20at%20Pourville%2C%20Low%20Tide%2C%201882.jpg
20538853	Monet%20-%20Meadow%20at%20Giverny%2C%201886.jpg
73386712	Monet%20w334.jpg
17491137	Monet%20-%20Cour%20de%20ferme%20en%20Normandie%2C%201863.jpg
67184553	Monet%20-%20The%20Church%20at%20Varengeville%2C%201882.jpg
3832426	Lilacs%20in%20the%20Sun%2C%201872.jpg
50713335	Monet%20-%20Nymph%C3%A9as%20%28Waterlilies%29%2C%20c.1914-17.jpg
84625996	Claude%20Monet%20-%20Waterloo%20Bridge%2C%20London.jpg
50774265	Monet%20A%20Windmill%20Near%20Zaandam.jpg
20267587	Claude%20Monet%2C%20Houses%20of%20Parliament%2C%20London%2C%201900-1903%2C%201933.1164%2C%20Art%20Institute%20of%20Chicago.jpg
84260775	The%20Seine%20at%20Vetheuil%2C%20by%20Claude%20Monet%2C%20c.%201880%2C%20oil%20on%20canvas%20-%20Portland%20Museum%20of%20Art%20-%20Portland%2C%20Maine%20-%20DSC03977.jpg
20198468	Monet%20-%20Waves%20Breaking%2C%201881.jpg
114711469	Claude%20monet%20bateaux%20dans%20le%20port%20de%20honfleur040433%29.jpg
105099570	Monet%20w1144.jpg
18683967	Claude%20Monet%20-%20Charing%20Cross%20Bridge%20-%20Google%20Art%20Project.jpg
66254516	Claude%20Monet%20-%20Falaise%20de%20Sainte-Adresse%2C%20temps%20gris%20-%20Ordrupgaard.jpg
49473054	Monet%20Poplars-row-in-autumn%20W1293.jpg
50774258	Monet%201871%20The%20Dam%20at%20Zaandam.jpg
17490875	Monet%20-%20Wildenstein%201996%2C%20619.png
18543496	Claude%20Monet%20-%20Le%20pont%20de%20chemin%20der%20fer%20%C3%A0%20Argenteuil.jpg
73825182	Claude%20monet%2C%20waterloo%20bridge%2C%20effetto%20di%20luce%20solare%2C%201900%20ca.%20%28datato%201903%29%2001.jpg
108479170	MB-Mon-14%20Monet%20Strada-Romana-in-Bordighera.jpg
66483956	Claude%20Monet%20-%20Les%20canotiers%20%C3%A0%20Argenteuil%20-%20Nahmad%20collection.jpg
432253	Claude%20Monet%20-%20Jardin%20%C3%A0%20Sainte-Adresse.jpg
68041446	Monet%20w1199.jpg
68041438	Monet%20w781.jpg
2450237	Claude%20Monet%20Weeping%20Willow.jpg
18621166	Claude%20Monet%20-%20The%20Seine%20at%20Lavacourt%20-%201938.4.M%20-%20Dallas%20Museum%20of%20Art.jpg
47782162	Claude%20Monet%20-%20Waterloo%20Bridge%20%28W%201555%29.jpg
66564534	Claude%20Monet%20-%20Chrysanth%C3%A8mes%20rouges.jpg
68372814	Monet%20Bateaux%20de%20p%C3%AAche%2C%20Honfleur%20w74.jpg
20538835	Claude%20Monet%20-%20Road%20at%20La%20Cav%C3%A9e%2C%20Pourville%20-%20Google%20Art%20Project.jpg
50771158	Claude%20Monet%20016.jpg
105099619	Monet%20-%20Wildenstein%201996%2C%201714.png
10336177	Monet%20-%20Nen%C3%BAfares.jpg
48976861	Monet%20haystacks-at-sunset-frosty-weather-1891%20W1282.jpg
50819939	Claude%20Monet%20-%20Entr%C3%A9e%20de%20Giverny%20en%20hiver%2C%20soleil%20couchant.jpg
74454113	Monet%20-%20Wildenstein%201996%2C%20706.png
15876313	Claude%20Monet%20-%20The%20Parc%20Monceau.jpg
104595258	Claude%20Monet%20-%20Countryside%20landscape%20with%20trees%20-%20M.Ob.2070%20MNW%20-%20National%20Museum%20in%20Warsaw.jpg
84056388	Monet%20-%20Wildenstein%201996%2C%20226.png
17491876	Claude%20Monet%2C%20The%20Portal%20of%20Rouen%20Cathedral%2C%20le%20Portal%20vu%20de%20face%20%28cropped%29.jpg
123171204	Claude%20Monet%20-%20Bouquet%20de%20gla%C3%AFeuls%2C%20lis%20et%20marguerites%2C%20044n09930-64y75.jpg
17436696	Claude%20Monet%20-%20Rouen%20Cathedral%20Fa%C3%A7ade%20and%20Tour%20d%27Albane%20%28Morning%20Effect%29%20-%20Google%20Art%20Project.jpg
20882133	Claude%20Monet%20-%20Madame%20Monet%20dans%20un%20jardin%20%281872%29.jpg
75868689	Monet%20-%20The%20Seine%20at%20Giverny%2C%20Morning%20Mists%2C%201897.jpg
20188861	Jerusalem%20Artichoke%20Flowers%20E10330.jpg
114711470	Claude%20monet%20lavacourt%20lhiver024754%29.jpg
47614837	Claude%20Monet%20-%20Vue%20d%27un%20port.jpg
105099612	Water%20Lilies%20by%20Claude%20Monet%2C%20Mus%C3%A9e%20Marmottan%20Monet%205119.JPG
19914264	%C3%8Ele%20aux%20Orties%20near%20Vernon%20MET%20DT302452.jpg
50807788	Spring%20Flowers%2C%20by%20Claude%20Monet%2C%20Cleveland%20Museum%20of%20Art%2C%201953.155.jpg
49221913	Claude%20Monet-Camille%20en%20la%20playa%20de%20Trouville.jpg
20189944	Claude%20Monet%2C%20Morning%20Haze%2C%201888%2C%20NGA%2045872.jpg
17492292	Claude%20Monet%20-%20The%20Seine%20at%20Argenteuil%201873.jpg
20191180	Claude%20Monet%20-%20Palazzo%20da%20Mula%20in%20Venice%201908.jpg
95911190	Monet%20w843.jpg
108479175	MB-Mon-19%20Monet%20Ortseingang-von-Giverny-im-Winter%201.jpg
105099599	Roses%20by%20Claude%20Monet%2C%201925-26%2C%20Mus%C3%A9e%20Marmottan%20Monet.JPG
17436685	Portail%20effet%20de%20matin%20W1353.jpg
24953806	Claude%20Monet%20002.jpg
95252885	Monet%20-%20Wildenstein%201996%2C%201566.png
95730067	Bazille%2C%20Fr%C3%A9d%C3%A9ric%20-%20Self%20Portrait%20at%20Saint-Sauveur.jpeg
20269443	Claude%20Monet%20-%20Water%20Lily%20Pond%20-%201933.441%20-%20Art%20Institute%20of%20Chicago.jpg
66664068	Claude%20Monet%20-%20H%C3%A9m%C3%A9rocalles%20au%20bord%20de%20l%E2%80%99eau.jpg
63952037	Claude%20Monet%20-%20Le%20Pont%20japonais%20W1913%20-%20Mus%C3%A9e%20Marmottan-Monet.jpg
56809139	Monet-Water-lilies-Chichu-museum.tif
3947218	Claude%20Monet%2C%20Saint-Georges%20majeur%20au%20cr%C3%A9puscule.jpg
108479182	MB-Mon-29%20Monet%20Schlittschuhlaeufer-in-Giverny%201.jpg
20890879	Claude%20Monet%20-%20The%20Japanese%20Bridge%20-%2061.36.15%20-%20Minneapolis%20Institute%20of%20Arts.jpg
98392816	Claude%20Monet%20-%20Bateaux%20de%20p%C3%AAche%20-%20Van%20Vlissingen%20Art%20Foundation.jpg
21712160	Claude%20Monet%20-%20House%20among%20the%20Roses%2C%20the%20%281925%29.jpg
105099581	Monet%20w1841.jpg
67895969	Monet%20Sailing%20Boats%20at%20Sea%20w125.jpg
80210301	Marine%2C%20Pourville.jpg
92831691	Monet%20-%20Felder%20im%20Fr%C3%BChling%2C%201887.jpg
70781239	Monet%20-%20Red%20Boats%2C%20Argenteuil%2C%201875.jpg
17324913	Claude%20Monet%20-%20La%20Corniche%20near%20Monaco%20-%20Google%20Art%20Project.jpg
111039644	Claude%20monet%20leglise%20a%20vetheuil%29.jpg
28776283	Claude%20Monet%20-%20Le%20Bassin%20des%20Nympheas%20-%20Google%20Art%20Project.jpg
56812706	Monet%20-%20Le%20Parlement%20de%20Londres%2C%20effet%20de%20brouillard%2C%201903.jpg
50772913	The%20Red%20Kerchief%2C%20by%20Claude%20Monet%2C%20Cleveland%20Museum%20of%20Art%2C%201958.39.jpg
3220338	Claude%20Monet%20-%20Water%20Lilies%20and%20Japanese%20Bridge.jpg
105099590	The%20Artist%27s%20House%20Seen%20from%20the%20Rose%20Garden%20by%20Claude%20Monet%205087.JPG
79790762	Monet%20-%20Wildenstein%201996%2C%20379.png
55647396	Claude%20Monet%2C%20Seascape%20-%20Storm.JPG
67183653	Claude%20Monet%20-%20V%C3%A9theuil%2C%201901%20%28Von%20der%20Heydt-Museum%29.jpg
106925245	Claude%20Monet%20-%20Fishing%20Boats.jpg
67183663	The%20Beach%20at%20Trouville%201948.116.jpg
19905436	Claude%20Monet%20-%20Camille%20Monet%20in%20the%20Garden%20at%20Argenteuil.jpg
94636834	Monet%20-%20Le%20Boulevard%20de%20Pontoise%20%C3%A0%20Argenteuil%2C%20neige%2C%201875.jpg
1212084	Le%20Pont%20d%27Argenteuil%20-%20Claude%20Monet.jpg
50813010	Monet%20-%20Le%20Printemps%2C%201886.jpg
105099620	Claude%20Monet%20-%20Les%20maisons%20bleues%20-%20Marmottan.jpg
50765334	Claude%20Monet%20-%20Still%20Life%2C%20Tea%20Service%20-%202019.67.12.McD%20-%20Dallas%20Museum%20of%20Art.jpg
50414871	Claude%20Monet%20-%20Entr%C3%A9e%20du%20port%20de%20Trouville.jpg
74425855	Water%20Lilies%20by%20Claude%20Monet%2C%20Fondation%20Beyeler%2003.2.JPG
84056527	Monet%20w1695.jpg
50774244	Monet%201871%20Boats%20at%20Zaandamn.jpg
83179679	Monet%20-%20Matin%C3%A9e%20sur%20la%20Seine%2C%201897.jpg
50774271	Monet%20trouville.jpg
20538849	Monet%20-%20Morning%20on%20the%20Seine%2C%20near%20Giverny%2C%201896.jpg
17490992	Champs%20de%20Tulipes%20de%20Claude%20Monet.jpg
19912128	Claude%20Monet%20-%20%C3%8Ele%20aux%20Fleurs%20near%20V%C3%A9theuil.jpg
20190902	Waterloo%20Bridge%2C%20London%2C%20at%20Dusk.JPG
27969409	Claude%20Monet%20%E2%80%93%20Garden%20%281876%29.jpg
50415955	Claude%20Monet%2C%201875%2C%20Train%20in%20the%20Snow%2C%20oil%20on%20canvas%2C%2059%20%C3%97%2078%20cm%2C%20Mus%C3%A9e%20Marmottan%20Monet.jpg
79790739	Monet%20-%20Wildenstein%201996%2C%20461.png
67220750	Monet%20-%20The%20Meadow%2C%201879.jpg
85567623	Claude%20Monet%20-%20Haystacks%20-%20Springfield%2C%20MA%20museum.jpg
50771164	Claude%20Monet%20The%20Duck%20Pond.jpg
20538830	Monet%20-%20Valley%20of%20the%20Petite%20Creuse%2C%201889.jpg
95691932	Monet-ij.jpg
113519297	Claude%20Monet%20-%20Le%20Pommier%20%28W%20523%29.jpg
67515679	Monet%20w1909.jpg
58371531	Monet%20-%20Eine%20Allee%20in%20Monets%20Garten%20in%20Giverny%2C%201902.jpg
66985830	Monet%20-%20Wildenstein%201996%2C%20524a.png
66566272	Claude%20Monet%20-%20Les%20Galettes.jpg
3873319	Monet%20-%20Stilleben%20mit%20Fleisch.jpg
17495907	Claude%20Monet%20-%20Train%20in%20the%20Countryside%20-%20Google%20Art%20Project.jpg
28776277	Claude%20Monet%20-%20La%20Pointe%20de%20la%20H%C3%A8ve%20at%20Low%20Tide%20-%20Google%20Art%20Project.jpg
3905455	Claude%20Monet%20-%20Poplars%20on%20the%20Epte%20-%20Google%20Art%20Project.jpg
50772170	Les%20bords%20de%20la%20Seine%20au%20Petit-Gennevilliers%20by%20Claude%20Monet%2C%201874.jpg
79790760	Monet%20w574.jpg
20267583	Claude%20Monet%20-%20Stack%20of%20Wheat%20%28Snow%20Effect%2C%20Overcast%20Day%29%20-%201933.1155%20-%20Art%20Institute%20of%20Chicago.jpg
50532779	Claude%20Monet%2C%20Weeping%20Willow.JPG
24953848	Claude%20Monet%20The%20Seine%20at%20Port-Villez.jpg
94636841	Monet%20-%20Massif%20de%20chrysanth%C3%A8mes%2C%201897.jpg
63952036	Claude%20Monet%20-%20Nymph%C3%A9as%20W1852%20-%20Mus%C3%A9e%20Marmottan-Monet.jpg
55647440	Monet%20-%20Tulpenfelder%20in%20Sassenheim%20-%201886.jpg
17493666	Claude%20Monet%20-%20The%20Coalmen%20-%20Google%20Art%20Project.jpg
66502276	MB-Mon-15%20Monet%20Villen-in-Bordighera.jpg
50415971	Monet-%20Der%20Rosenweg%20in%20Giverny.jpeg
66568153	Claude%20Monet%20-%20All%C3%A9e%20de%20sapins%20%C3%A0%20Varengeville%20.jpg
15974183	Carri%C3%A8res-Saint-Denis%20-%20Claude%20Monet.jpg
124377795	Monet%20-%20Wildenstein%201996%2C%201183.png
93643302	Monet%20-%20Coin%20de%20l%27%C3%A9tang%20%C3%A0%20Giverny%2C%201917.jpg
105099624	Monet%20-%20Wildenstein%201996%2C%201008.png
50766817	CLAUDE%20MONET%201840%20-%201926%20UN%20MOULIN%20%C3%80%20ZAANDAM.jpg
106926148	Claude%20Monet%20-%20Le%20rio%20de%20la%20salute%20%28W%202001a%29.jpg
79790767	Monet%20w694.jpg
20190589	Claude%20Monet%2C%20The%20Seine%20at%20Giverny%2C%201897%2C%20NGA%2046655.jpg
26515639	Monet%20-%20Water-Lilies%2C%20Setting%20Sun.jpg
123414094	Claude%20Monet%20-%20Peupliers%20au%20bord%20de%20l%E2%80%99Epte%2C%20temps%20couvert%20%28W%201299%29.jpg
17493652	Monet%20-%20Wildenstein%201996%2C%20669.png
20538924	Rouen%20Cathedral%20Boston%20W1356.jpg
20809467	Monet%20-%20The%20Customs%20House%2C%20Varengeville%2C%201882.jpg
19912572	Spring%20%28Fruit%20Trees%20in%20Bloom%29%20MET%20DT1902.jpg
6082483	Claude%20Monet%2C%201877%2C%20Pont%20de%20l%27Europe%20%28cropped%29.jpg
18683955	1874%20Monet%20Sommer%20anagoria.JPG
105534732	Monet%20-%20Wildenstein%201996%2C%201667.png
105099621	Monet%20-%20Wildenstein%201996%2C%201393.png
106925109	Monet%20houses%20snow%20norway%201895.jpg
19912578	Claude%20Monet%20-%20The%20Valley%20of%20the%20Nervia.jpg
50772159	L%27Ancienne%20rue%20de%20la%20Chauss%C3%A9e%2C%20Argenteuil%20by%20Claude%20Monet.jpg
97015276	Monet%20-%20Wildenstein%201996%2C%20786.png
20268524	Monet%20-%20Sandviken%2C%20Norwegen.jpg
117711957	Claude%20Monet%20-%20Charing%20Cross%20bridge%20-%20Sothebys%2012%20nov%202018.jpg
66625806	Claude%20Monet%20-%20Antibes.jpg
67184149	Passerelle-%C3%A0-Zaandam%20%281871%29%20Claude%20Monet%20-%20Mus%C3%A9es%20de%20M%C3%A2con%20%28W191a%29.jpg
22205296	La%20Porte%20d%27Aval%20by%20Claude%20Monet.jpg
50818932	Monet%20-%20Varengeville%2C%20Ebbe.jpeg
50014365	Monet%20La%20Gare%20Saint-Lazare%2C%20vue%20ext%C3%A9rieure.jpg
66985807	Monet%20w1404.jpg
20881698	Claude%20Monet%20-%20View%20of%20V%C3%A9theuil%20-%20Google%20Art%20Project.jpg
3793016	Claude%20Monet%20-%20Bassin%20d%27Argenteuil%20-%20Google%20Art%20Project.jpg
17493809	Claude%20Monet%20-%20Villas%20at%20Bordighera%20-%20Google%20Art%20Project.jpg
20881317	WLA%20lacma%20Monet%20Nympheas.jpg
64174086	Monet%20w593%281%29.jpg
68041442	Monet%20-%20Wildenstein%201996%2C%201042.png
50699486	Claude%20Monet%20-%20Spring%20by%20the%20Seine%20-%20Google%20Art%20Project.jpg
124336210	La%20Seine%20en%20aval%20de%20V%C3%A9tehuil%20%E2%80%93%20Claude%20Monet%2C%201879.jpg
19912256	Water%20Lilies%20MET%20DT1856.jpg
50807967	Monet%20Jacquemont%20Victor.jpg
20538838	Claude%20Monet%20-%20Graystaks%20I.JPG
10264105	Dans-la-prairie-by-Claude-001.jpg
115739210	MONET%20Claude%20Les%20Rochers%20de%20Belle-Ile%20Huile%20sur%20toile.jpg
64577782	Claude%20Monet%20-%20Voir%20le%20d%27Argenteuil%20%281874-75%29.jpg
50415964	Monet%20Tulipes%20Marmottan%20%28cropped%29.jpg
3794124	Monet%20-%20Monets%20Garten%20in%20Giverny.jpg
18545708	Foggy%20Morning%20at%20Pourville%20-%20Claude%20Monet.jpg
47781086	Claude%20Monet%20-%20Charing%20Cross%20Bridge%20%28W%201522%29.jpg
20188658	Bazille%20and%20Camille%20%28Study%20for%20D%C3%A9jeuner%20sur%20l%27Herbe%29%20A35075.jpg
46731104	MB-Mon-25%20Monet%20Antibes-das-Fort%201.jpg
3231771	Claude%20Monet%20-%20Poppy%20Field%20-%20Google%20Art%20Project.jpg
91503298	Monet%20w1718.jpg
106879983	Claude%20Monet%20-%20W%201287%20-%20Meule%2C%20effet%20de%20neige%2C%20soleil.jpg
19013403	Monet%20Snow%20at%20Argenteuil.jpg
130242041	Monet%20-%20Wildenstein%201996%2C%2012.png
28094131	Claude%20Monet%20-%20Water%20Lilies%20%28Nymph%C3%A9as%29%20-%2068.31%20-%20Museum%20of%20Fine%20Arts%2C%20Houston.jpg
65965438	Claude%20Monet%20-%20Belle-Ile%20-%20Mus%C3%A9e%20Rodin.jpg
328523	Monet%20-%20Impression%2C%20Sunrise.jpg
48977647	Brouillard%2C%20London%20Parliament%2C%20Claude%20Monet.jpg
108343702	Claude%20Monet%20-%20Matin%20sur%20la%20Seine%2C%20le%20beau%20temps%20%281897%29.jpg
75661144	Monet%20-%20Les%20Falaises%20de%20Varengeville%2C%201897.jpg
114627846	MAMC%20Saint-%C3%89tienne%2C%20Monet.jpg
64572602	Rounded%20Flower%20Bed%20by%20Claude%20Monet%2C%201876.jpg
22338327	Monet%20Veduta%20di%20Rouelles.jpg
108143096	Monet%201871%20The%20Voorzaan%20near%20Zaandam.jpg
18574592	Claude%20Monet%20Schelde.JPG
104696638	%27Soleil%20couchant%2C%20temp%20brumeux%2C%20Pourville%27%20by%20Claude%20Monet%2C%201882.%20Oil%20on%20canvas.jpg
108333238	Claude%20Monet%20-%20El%20Geldersekade%20de%20Amsterdam%20en%20invierno.jpg
20198390	Monet%20-%20Water%20Lilies%2C%20ca.%201914%E2%80%931917.jpg
124377796	Monet%20w1224.jpg
81333593	Monet%20-%20Rocher%20du%20Lion%2C%20Rochers%20%C3%A0%20Belle-%C3%8Ele%20%28Lion%20Rock%2C%20Rocks%20at%20Belle-%C3%8Ele%29%2C%201886.jpg
3820703	Claude%20Monet%20-%20Rouen%20Cathedral%20in%20the%20evening%20%281894%29%20-%20Pushkin%20Museum%20%D0%96-3312.jpg
108274731	Claude%20Monet%20-%20Bras%20de%20la%20Seine%20pr%C3%A8s%20de%20V%C3%A9theuil%20-%20P%C3%A9rez%20Sim%C3%B3n%20Collection.jpg
19056877	Monet%20Poplars%20in%20the%20Sun.jpg
106729777	Water-Lily%20Pond%20Monet.jpg
12900365	The%20Luncheon%20%28SM%20sg170%29.png
12858617	Claude%20Monet%2C%20The%20Japanese%20Footbridge%2C%201899%2C%20NGA%2074796.jpg
3827992	Monet%2C%20Lavacourt-Sunshine-and-Snow.jpg
85040109	Monet%20-%20Wildenstein%201996%2C%20173.png
48786374	Claude%20Monet%2C%20Grainstacks%20in%20the%20Sunlight%2C%20Morning%20Effect%2C%201890%2C%20oil%20on%20canvas%2065%20x%20100%20cm.jpg
105099583	Weeping%20Willow%20by%20Claude%20Monet%2C%20Mus%C3%A9e%20Marmottan%20Monet%205078.JPG
72979794	Monet%20w1051.jpg
20809471	%C3%89tretat%20Philadelphia%2001.JPG
72691311	Bemberg%20Fondation%20Toulouse%20-%20Bateaux%20sur%20la%20plage%20%C3%A0%20Etretat%20-%20Claude%20Monet%20-%201883%2065x81%20Inv.2077.jpg
105099604	Path%20under%20the%20Rose%20Arches%20by%20Claude%20Monet%2C%20Mus%C3%A9e%20Marmottan%20Monet%205104.JPG
50818695	The%20Sunken%20Road%20in%20the%20Cliff%20at%20Varangeville%20-%20Monet.tif
79132471	Monet%20-%20Valle%20Buona%2C%20Near%20Bordighera%2C%201884.jpg
76424010	Monet%20-%20Wildenstein%201996%2C%20108.png
2939683	Claude%20Monet%20009.jpg
17492310	Monet%20-%20La%20seine%20%C3%A0%20Port-Villez%2C%201890%20vers.jpg
116241579	Monet%20-%20V%C3%A9theuil%20in%20Summer%2C%201879.jpg
50697742	Flood%20at%20Giverny%20by%20Claude%20Monet%2C%201896%20-%20Ny%20Carlsberg%20Glyptotek%20-%20Copenhagen%20-%20DSC09463.JPG
50775657	Parc%20Monceau%20by%20Monet%20%28Senoku%20Hakukokan%29.jpg
681876	Claude%20Monet%20022.jpg
50766835	Claude%20Monet%20-%20Argenteuil%2C%20le%20pont%20en%20r%C3%A9paration.jpg
18922918	Monet%20Luncheon.jpg
81571478	Riverbank%20at%20Lavacourt.jpg
50415959	Monet%20Agapanthes%20Marmottan%20%28cropped%29.jpg
50532770	Claude%20Monet%20-%20View%20of%20Bennecourt%20%281887%29.jpg
3234987	Claude%20Monet%20-%20Angler%20auf%20der%20Seine%20bei%20Poissy%20-%201288%20-%20%C3%96sterreichische%20Galerie%20Belvedere.jpg
105099588	Monet%20-%20Wildenstein%201996%2C%201783.png
25410218	Claude%20Monet%2C%20Irises.jpg
26846568	Monet%20w1425.jpg
20268689	Claude%20Monet%20-%20Stack%20of%20Wheat%20-%201983.29%20-%20Art%20Institute%20of%20Chicago.jpg
105099568	La%20plage%20%C3%A0%20Pourville%2C%20soleil%20couchant.jpg
79790741	Monet%20w797.jpg
49221952	Claude%20Monet%20-%20Port-Domois%2C%20Belle-Isle%20-%201983.7.10%20-%20Yale%20University%20Art%20Gallery.jpg
76424008	Monet%2C%20Cottage%20on%20the%20Cliffs%20near%20Varangeville%2C%20c.%201896%2C%20Ny%20Carlsberg%20Glyptotek%2C%20Copenhagen%20%2836251613942%29.jpg
107340204	Monet%20-%20Waterlilies%2C%20NMW%20A%202480.jpg
124336211	Monet%20-%20Wildenstein%201996%2C%201141.png
50377227	Claude%20Monet%20-%20L%27%C3%AEle%20aux%20Orties.jpg
26846569	Claude%20Monet%20-%20Les%20Nymph%C3%A9as%20-%20Mus%C3%A9e%20de%20Vernon.jpg
105099589	The%20Artist%27s%20House%20Seen%20from%20the%20Rose%20Garden%20by%20Claude%20Monet%205086.JPG
105430124	Monet-seine-rouen.jpg
108479176	MB-Mon-20%20Monet%20Die-bluehende-Wiese%201.jpg
108479167	MB-Mon-10%20Monet%20Landschaft-auf-der-Ile-Saint-Martin%201.jpg
91473128	Claude%20Monet%20-%20Sandvika%20Village%20in%20the%20Snow%20%281895%29.jpg
68041450	Monet%20w1447.jpg
129307826	Monet%20-%20Wildenstein%201996%2C%2010a.png
50415962	Monet%20Marmottan%20Nymph%C3%A9as%20%28cropped%29.jpg
42882593	Claude%20Monet%20-%20Nymph%C3%A9as%20-%20Carnegie%20Museum%20of%20Art%2C%20Pittsburgh%2C%202019-12-11.jpg
124252684	Claude%20Monet%20Le%20Palais%20Ducal%20vu%20de%20Saint-Georges%20Majeur%20%28W%201751%29.jpg
20188810	Claude%20Monet%2C%20Bridge%20at%20Argenteuil%20on%20a%20Gray%20Day%2C%20c.%201876%2C%20NGA%2052188.jpg
47615867	Claude%20Monet%20-%20The%20Railway%20Bridge%20at%20Argenteuil%20%28Mus%C3%A9e%20d%27Marmottan%29.jpg
20538929	Claude%20Monet%20-%20Nymph%C3%A9as%20%281905%29.jpg
106872137	MB-Mon-33%20Monet%20Seerosen.jpg
124252683	Monet%20w759.jpg
19914259	Cabin%20of%20the%20Customs%20Watch%20MET%20DT1905.jpg
19011937	Claude%20Monet%20-%20Walk%20%28Road%20of%20the%20Farm%20Saint-Sim%C3%A9on%29%20-%20Google%20Art%20Project.jpg
60515388	Low%20Tide%20at%20Pourville%2C%20by%20Claude%20Monet%2C%20Cleveland%20Museum%20of%20Art%2C%201947.196.jpg
3952498	%27The%20Pyramids%20at%20Port-Coton%27%20by%20Claude%20Monet%2C%201886%2C%20Pushkin%20Museum.jpg
75661142	La%20Seine%20%C3%A0%20V%C3%A9theuil%20%28Monet%29.jpg
67523207	Monet%20w639.jpg
79790764	Monet%20w695.jpg
22205318	Claude%20Monet%20-%20Three%20Fishing%20Boats%20-%20Google%20Art%20Project.jpg
105099576	Monet%20w1846.jpg
20881116	Claude%20Monet%20-%20In%20the%20Woods%20at%20Giverny-%20Blanche%20Hosched%C3%A9%20at%20Her%20Easel%20with%20Suzanne%20Hosched%C3%A9%20Reading%20-%20Google%20Art%20Project.jpg
87842343	Monet%20-%20View%20of%20Ventimiglia%2C%201884.jpg
19906246	Apples%20and%20Grapes%2C%20by%20Claude%20Monet.jpg
87367853	Monet%20w842%20the%20church%20at%20vernon.jpg
107340206	Monet%20-%20Waterlilies%2C%20NMW%20A%202487.jpg
50818935	Claude%20Monet%20-%20Poplars%20at%20Giverny%2C%20Sunrise.jpg
105099598	Yellow%20Irises%20by%20Claude%20Monet%2C%20Mus%C3%A9e%20Marmottan%20Monet.JPG
19912126	The%20Houses%20of%20Parliament%20%28Effect%20of%20Fog%29%20MET%20DT1893.jpg
122209553	Monet%20-%20Wildenstein%201996%2C%201015a.png
22205288	Claude%20Monet%20019.jpg
18683374	Claude%20Monet%20-%20A%20Seascape%2C%20Shipping%20by%20Moonlight%20-%20Google%20Art%20Project.jpg
20188632	Still%20Life%20with%20Bottle%2C%20Carafe%2C%20Bread%2C%20and%20Wine%20A26263.jpg
27968153	Claude%20Monet%20-%20%C3%89glise%20de%20Vetheuil%20-%20National%20Galleries%20of%20Scotland.jpg
84267851	Claude%20Monet%20-%20Water%20Lilies%2C%201917-1919.JPG
92787519	Monet%20w1562.jpg
20188702	Sainte-Adresse%20A12549.jpg
17493461	Monet%20w670.jpg
49445583	Claude%20Monet%20-%20Le%20Parlement%2C%20coucher%20de%20soleil%20-%20Kunsthaus%20Z%C3%BCrich.jpg
17436706	Monet-cathedrale-rouen.jpg
85224931	Monet%20-%20Field%20of%20Poppies%2C%20Giverny%2C%201885.jpg
90922784	Monet%20-%20The%20Port%20of%20Argenteuil%20%28Le%20bassin%20de%20Argenteuil%29%2C%201874.jpg
17495978	Claude%20Monet%20-%20A%20Corner%20of%20the%20Apartment%20-%20Google%20Art%20Project.jpg
91666882	Monet%20-%20Matin%C3%A9e%20sur%20la%20Seine%20-%20Acquavella%20Galleries.jpg
49447496	Claude%20Monet%20-%20Palazzo%20Dario%20%28W%201758%29.jpg
17627443	Gondola%20in%20Venice%201908%20Claude%20Monet.jpg
83811809	Monet%20w488.jpg
78833083	Monet%20w1395.jpg
28777012	Claude%20Monet%20-%20Haystacks%20-%20Google%20Art%20Project.jpg
28777016	Claude%20Monet%20-%20The%20Young%20Ladies%20of%20Giverny%2C%20Sun%20Effect%20-%20Google%20Art%20Project.jpg
124254553	Monet%20-%20Wildenstein%201996%2C%201658.png
17436671	Claude%20Monet%20-%20Rouen%20Cathedral%20-%20The%20Portal%20%28Sunlight%29.jpg
105099572	Claude%20Monet%20-%20Portrait%20de%20Michel%20Monet%20b%C3%A9b%C3%A9.jpg
52152294	Monet%20w1540.jpg
10316714	Claude%20Monet%20-%20The%20Pont%20Neuf%20-%201985.R.38%20-%20Dallas%20Museum%20of%20Art.jpg
63952033	Claude%20Monet%20-%20Le%20bassin%20aux%20nymph%C3%A9as%20W1888%281%29%20-%20Mus%C3%A9e%20Marmottan-Monet.jpg
50532761	Basket%20of%20Grapes%20by%20Claude%20Monet%2C%20Columbus%20Museum%20of%20Art%20.JPG
2270028	La%20Gare%20Saint-Lazare%20-%20Claude%20Monet.jpg
105099607	The%20Artist%27s%20House%20Seen%20from%20the%20Rose%20Garden%20by%20Claude%20Monet%205108.JPG
66458983	Monet%20canal-in-amsterdam.jpg
108479163	MB-Mon-04%20Monet%20Der-Hafen-von-Le-Havre-am-Abend%201.jpg
19833778	Amsterdam%20musee%20van%20gogh%20monet%20tulipes%20moulins.JPG
66821486	Claude%20Monet%20-%20Voilier%20au%20Petit-Gennevilliers.jpg
17627520	Les%20Nymph%C3%A9as%20%C3%A0%20Giverny%2C%20par%20Claude%20Monet.jpg
93897271	Claude%20Monet%20-%20La%20Chasse.jpg
27895791	Monet%2C%20Claude%20-%20The%20Church%20of%20San%20Giorgio%20Maggiore%2C%20Venice%20-%20Google%20Art%20Project.jpg
20188770	Claude%20Monet%20-%20The%20Bridge%20at%20Argenteuil%20%281874%29%20-%20NGA%201983.1.24.jpg
20809474	Antibes%20Philadelphia%2001.JPG
66991870	Monet%20-%20Water%20Lilies%20%28Nympheas%29%2C%20Gunma.jpg
50775636	MonetSad.jpg
19905448	V%C3%A9theuil%20in%20Summer%20MET%20DT1898.jpg
124250965	Monet%20-%20Le%20Pont%20de%20Waterloo%2C%201902.jpg
17436676	Rouen%20Cathedral-%20Setting%20Sun%2C%20Symphony%20in%20Grey%20and%20Pink.jpg
27968181	Claude%20Monet%20-%20Boats%20in%20a%20Harbour%20-%20NG%202423%20-%20National%20Galleries%20of%20Scotland.jpg
48610476	Monet%20Grainstack%20in%20the%20Sunlight%201891.jpg
102422380	Monet%20-%20Wildenstein%201996%2C%201982.png
19857354	Claude%20Monet%20-%20V%C3%A9theuil%20en%20hiver.jpg
113975441	Monet%20-%20Wildenstein%201996%2C%205a.png
106906333	Monet%20-%20Rosenstraeucher%20im%20Garten%20von%20Montgeron.jpg
4949676	Claude%20Monet%20-%20Boulevard%20des%20Capucines%20-%20Google%20Art%20Project.jpg
20538904	Monet%20-%20Fisherman%27s%20Cottage%20on%20the%20Cliffs%20at%20Varengeville%2C%201882.jpg
115170999	Claude%20Monet%20-%20Bord%20des%20falaises%20%C3%A0%20Pourville.jpg
10335777	Still%20Life%20with%20Melon%20Claude%20Monet.jpg
55647663	Monet-Tamise-Lyon.jpg
50819937	%27Plage%20de%20Juan-les-Pins%27%20by%20Claude%20Monet%2C%201888.jpg
10315096	La%20Seine%20%C3%A0%20Asni%C3%A8re%20-%20Monet.jpg
113520917	Der%20T%C3%BCmpel%20im%20Schnee.png
19911668	Claude%20Monet%20-%20La%20Vague%20Verte.jpg
105099585	Monet%20w1875.jpg
50769758	Claude%20Monet%20-%20Manet%20malt%20im%20Garten%20Monets%20in%20Argenteuil.jpg
126406972	Monet%20w627.jpg
68041436	Monet%20-%20Wildenstein%201996%2C%20709.png
50697726	Claude%20Monet%20-%20Shadows%20on%20the%20Sea.%20The%20Cliffs%20at%20Pourville%20-%20Google%20Art%20Project.jpg
1451508	Femme%20%C3%A0%20l%27ombrelle%20tourn%C3%A9e%20vers%20la%20gauche%20-%20Claude%20Monnet%20-%20Mus%C3%A9e%20d%27Orsay%20RF%202621.jpg
50532798	The%20Mediterranean%20%28Cap%20d%27Antibes%29%20by%20Claude%20Monet%2C%20Columbus%20Museum%20of%20Art%20.JPG
91027619	Monet%20-%20Wildenstein%201996%2C%20733.png
116199392	Monet%20barques%20w%20137.jpg
34613924	Monet%20la%20Cour%20d%27Albane%20Rouen.jpg
83647708	Monet%20w1118.jpg
49469051	Monet%20poplars-on-the-banks-of-the-river-epte-seen-from-the-marsh-1892%20W1312.jpg
50532788	Seascape%20at%20Pourville%20by%20Claude%20Monet%2C%20Columbus%20Museum%20of%20Art%20.jpg
20538875	Monet%20-%20Camille%20Monet%20and%20a%20Child%20in%20the%20Artist%27s%20Garden%20in%20Argenteuil%2C%201875.jpg
78654632	Monet%20-%20Antibes%20Seen%20from%20La%20Salis%2C%201888.jpg
123537562	Monet%20-%20Wildenstein%201996%2C%209.png
3936373	Monet%2C%20Lilas%2C%20temps%20gris%2C%201872-73.gif
126812158	Monet%20w1182.jpg
50769797	Claude%20Monet%20-%20Village%20Street%2C%20ca.%201869-71%2C%20Dixon%20Gallery.jpg
19926059	Claude%20Monet%20-%20Poppy%20Field%20-%20Google%20Art%20Project%20%28430231%29.jpg
106874627	Monet%20-%20La%20Porte%20d%27Amont%2C%20%C3%89tretat%2C%20c.%201868-1869.jpg
28797622	Claude%20Monet%20-%20The%20Water%20Lilies%20-%20Setting%20Sun%20-%20Google%20Art%20Project.jpg
48609824	Monet%20Houses%20of%20Parliament%2C%20Sunset.jpg
20538915	Claude%20Monet%20-%20Poppy%20Field%20in%20a%20Hollow%20near%20Giverny%20-%20Google%20Art%20Project.jpg
108479166	MB-Mon-08%20Monet%20Der-Garten-von-Vetheuil%201.jpg
48976857	Monet%20grainstack%2065%20x%2092%20cm%2C%201891%20W1285.jpg
18918056	Monet-Nymph%C3%A9as-Le-Havre.jpg
20190858	Claude%20Monet%20-%20The%20Houses%20of%20Parliament%2C%20Sunset.jpg
27895187	Monet%2C%20Claude%20-%20Charing%20Cross%20Bridge%20-%20Google%20Art%20Project.jpg
66924718	Claude%20Monet%20-%20Les%20Peupliers%2C%20automne.jpg
17491886	Monet%2C%20A%20Cart%20on%20the%20Snowy%20Road%20at%20Honfleur%20%281865%20or%201867%29.jpg
55028879	Monet%20-%20the-bridge-at-bougival.jpg
50819798	Monet%20w1033.jpg
38623024	Water%20Lilies%2C%20Water%20Landscape%2C%201908%2C%20by%20Claude%20Monet%20%281840-1926%29%20-%20IMG%207168.JPG
48977641	Claude%20Monet%20-%20White%20Frost%2C%20Sunrise.JPG
95911200	Monet%20w596.jpg
96145959	Claude%20Monet%20-%20Nymph%C3%A9as%2C%20reflets%20de%20saule%20-%20Kitakyushu.jpg
71715439	Claude%20Monet%20-%20Grotte%20de%20Port-Domois.jpg
94636831	Monet%20-%20Les%20falaises%20d%27Aval%20avec%20la%20Porte%20et%20l%27Aiguille%2C%201884.jpg
22205321	Claude%20Monet%20-%20%C3%89tretat%2C%20%281864%29.jpg
56809235	Monet-Water-lily-pond-Chichu-museum-2.tif
24953821	Monet%2C%20The%20Museum%20at%20Le%20Havre.jpg
17436669	Claude%20Monet%20-%20Rouen%20Cathedral%2C%20West%20Facade%2C%20Sunlight.jpg
28828034	Monet%20-%20Garten%20der%20Infantin.jpg
17493716	Les%20Glacons%20by%20Claude%20Monet%20%28frame%20cropped%29.jpg
73393003	Monet%20-%20La%20Seine%20%C3%A0%20Rouen%2C%201872.jpg
50014040	La%20gare%20Saint-Lazare%2C%20Les%20signaux%201877%20Claude%20Monet.jpg
20266927	Monet%20-%20The%20Customs%20House%20at%20Varengeville%2C%201897.jpg
20538945	Monet%20-%20Entrance%20to%20the%20Village%20of%20V%C3%A9theuil%20in%20Winter%2C%201879.jpg
78700956	Claude%20Monet%20-%20Rocks%20at%20Belle-Isle%2C%20Port-Domois%20-%20218-1975%20-%20Saint%20Louis%20Art%20Museum.jpg
46935529	Rocks%20at%20Belle-ile%2C%20Port-domois%20by%20Monet%2C%201886.jpg
19016163	Claude%20Monet%20-%20On%20the%20Boat%20-%20Google%20Art%20Project.jpg
17491354	Claude%20Monet%20020.jpg
3835893	Le%20Bassin%20aux%20nymph%C3%A9as%2C%20harmonie%20rose%20-%20Claude%20Monet.jpg
20809465	Bend%20in%20the%20Epte%20River%2001.JPG
96062450	Claude%20Monet%20-%20Mount%20Kols%C3%A5s%20-%20NMK.DEP.2019.0010%20-%20National%20Museum%20of%20Art%2C%20Architecture%20and%20Design.jpg
11826533	Coint%20d%27atelier.jpg
96406174	Monet%20w947.jpg
20268626	Claude%20Monet%20-%20Stacks%20of%20Wheat%20%28End%20of%20Day%2C%20Autumn%29%20-%201933.444%20-%20Art%20Institute%20of%20Chicago.jpg
111039642	Claude%20monet%20le%20bassin%20aux%20nympheas%29.jpg
20267465	Monet%20-%20Waterloo%20Bridge%2C%20Sunlight%20Effect%2C%201903.jpg
66126523	Claude%20Monet%20-%20The%20Break-up%20of%20the%20Ice%20%28La%20D%C3%A9b%C3%A2cle%20or%20Les%20Gla%C3%A7ons%29%20-%20Google%20Art%20Project.jpg
26492648	Claude%20Monet%20044.jpg
19925823	Monet%20-%20La%20Seine%20pr%C3%A8s%20de%20V%C3%A9theuil%2C%201878.jpg
113519212	Monet%20Kugelf%C3%B6rmigerBauminArgenteuil.png
50807790	%27The%20Entrance%20to%20the%20Port%20of%20Le%20Havre%27%20by%20Monet%2C%20Norton%20Simon%20Museum.JPG
1167912	Monet%20dejeunersurlherbe.jpg
50415980	Monet-Poly-Marmottan.jpg
19913089	The%20Path%20through%20the%20Irises%20MET%20DT1890.jpg
17491946	Lille%20PdBA%20monet%20la%20debacle.JPG
67196331	Claude%20Monet%20-%20%C3%89glise%20de%20Vetheuil.jpg
105099622	Le%20voilier%2C%20effet%20du%20soir.jpg
108161580	4297182381%2032d920a6ea%20o%20w1851.jpg
48977661	Poss%201288%20Grainstack%20in%20Sunshine%2C%201891%2C%20Meule%20au%20soleil%2C%20Oil%20on%20Canvas%2C%2060%20x%20100%20cm%2C%20Zurich%2C%20Kunsthaus%20Zurich.jpg
3952520	%27The%20Beach%20at%20%C3%89tretat%27%20by%20Claude%20Monet%2C%201885-86%2C%20Pushkin%20Museum.jpg
95627403	Monet%20-%20Prairie%20a%20Giverny%2C%201890.jpg
15951345	Claude%20Monet-Etretat%20the%20Aval%20door%20fishing%20boats%20leaving%20the%20harbour%20mg%201819.jpg
20809478	Path%20at%20Saint%20Martin%2001.JPG
85224927	Monet%20-%20Vineyards%20in%20the%20Snow%2C%20Looking%20Towards%20the%20Mill%20at%20Orgemont%2C%201873.jpg
79790733	Monet%20w902.jpg
63952042	Claude%20Monet%20-%20Le%20Pont%20japonais%20W1933%20-%20Mus%C3%A9e%20Marmottan-Monet.jpg
18683923	Claude%20Monet%2C%20French%20-%20The%20Japanese%20Footbridge%20and%20the%20Water%20Lily%20Pool%2C%20Giverny%20-%20Google%20Art%20Project.jpg
20538935	Monet%20-%20Morning%20on%20the%20Seine%2C%20near%20Giverny%2C%201897.jpg
95631052	Monet-montelbaanstoren.jpg
123560193	Boats%20by%20Claude%20Monet.jpg
24018614	Claude%20Monet%20The%20Studio%20Boat.jpg
129305154	Monet%20-%20Wildenstein%201996%2C%2011.png
50377086	Monet%20-%20Das%20Haus%20in%20den%20Rosen.jpeg
85224933	Monet%20-%20camille-monet-at-the-window-argentuile.jpg
123821029	Monet%20-%20weeping-willow-and-water-lily-pond-2-1919.jpg
50433805	Seagulls%2C%20the%20Thames%20%26%20Houses%20of%20Parliament%20by%20Claude%20Monet%2C%20Pushkin%20Museum.JPG
20190882	Claude%20Monet%2C%20Waterloo%20Bridge%2C%20Gray%20Day%2C%201903%2C%20NGA%2046658.jpg
90913879	HavreMonet.jpg
3877088	%E3%82%AF%E3%83%AD%E3%83%BC%E3%83%89%E3%83%BB%E3%83%A2%E3%83%8D%EF%BC%88Claude%20Monet%EF%BC%89%E3%80%8A%E7%9D%A1%E8%93%AE%EF%BC%88Water%20Lilies%EF%BC%89%E3%80%8B1916%EF%BC%88%E5%A4%A7%E6%AD%A35%EF%BC%89%E5%B9%B4%E3%80%81%E5%9B%BD%E7%AB%8B%E8%A5%BF%E6%B4%8B%E7%BE%8E%E8%A1%93%E9%A4%A8%EF%BC%88%E6%9D%BE%E6%96%B9%E3%82%B3%E3%83%AC%E3%82%AF%E3%82%B7%E3%83%A7%E3%83%B3%EF%BC%89%E3%80%81%E6%9D%B1%E4%BA%AC.jpg
64563579	Mill%20at%20Limetz%2C%20Claude%20Monet%2C%201888%20-%20Nelson-Atkins%20Museum%20of%20Art%20-%20DSC09011.JPG
79790747	Monet%20-%20water-lilies-21.jpg
124254550	Monet%20w%20322%20argenteuil.jpg
50807787	Monet%20-%20Gestrandetes%20Boot%20in%20F%C3%A9camp.jpeg
19967292	Monet%20-%20Jardin%20des%20Tuileries%20-1875.jpg
3146246	Claude%20Monet%20-%20H%C3%B4tel%20des%20roches%20noires.%20Trouville%20-%20Google%20Art%20Project.jpg
20538824	Monet%20-%20Water%20Lilies%2C%201907%2C%2019.170.jpg
28128639	Monet%20-%20Monsieur%20Coqueret%20%28Father%29%2C%201880.jpg
49447224	Brooklyn%20Museum%20-%20The%20Islets%20at%20Port-Villez%20%28Les%20Iles%20%C3%A0%20Port-Villez%29%20-%20Claude%20Monet.jpg
50435466	Antibes%20de%20Claude%20Monet%20%28Fondation%20Vuitton%2C%20Paris%29%20%2840445024443%29.jpg
20188857	Claude%20Monet%20-%20Au%20Bord%20de%20la%20Seine%2C%20pr%C3%A8s%20de%20V%C3%A9theuil.jpg
20268526	Monet%20-%20Waterloo%20Bridge%2C%20Gray%20Weather%2C%201900.jpg
105099623	Monet%20-%20Wildenstein%201996%2C%201137.png
92831783	Monet%20-%20Das%20Meer%20bei%20F%C3%A9camp%2C%201881.jpg
20538950	Monet%20-%20Boulevard%20Saint-Denis%2C%20Argenteuil%2C%20in%20Winter%2C%201875.jpg
3795198	Claude%20Monet%20-%20The%20Japanese%20Footbridge.jpg
19186378	Claude%20Monet%20-%20Charing-Cross%20Bridge%20in%20London%20-%20Google%20Art%20Project.jpg
28797613	Claude%20Monet%20-%20The%20Japanese%20bridge%20-%20Google%20Art%20Project.jpg
28042166	Claude%20Monet%20-%20The%20Japanese%20Footbridge%20%28Museum%20of%20Fine%20Arts%2C%20Houston%29.jpg
93774470	Monet%20-%20Wildenstein%201996%2C%201120.png
116167867	Monet%20-%20Wildenstein%201996%2C%201005.png
105099571	Monet%20w883.jpg
28797619	Claude%20Monet%20-%20The%20Water%20Lilies%20-%20Green%20Reflections%20-%20Google%20Art%20Project.jpg
28796931	Claude%20Monet%20-%20Water%20Lilies%20-%20Google%20Art%20Project%20%28431238%29.jpg
83901171	The%20Seine%20at%20Bougival%201946%204.jpg
108354260	Claude%20Monet%20%22Las%20Pir%C3%A1mides%20a%20Port-Coton%22%20%281886%29%20%C3%93leo%20sobre%20tela%3B%2065%2C5%20x%2081%2C5%20cm.jpg
110969973	Monet%20-%20Paysage%20d%27usines%20W5.jpg
67504987	The-moreno-garden-at-bordighera.jpg
78833033	Monet%20-%20Wildenstein%201996%2C%20642.png
3983137	Temp%C3%AAte%2C%20c%C3%B4tes%20de%20Belle-%C3%8Ele%20-%20Claude.jpg
17436678	Claude%20Monet%20-%20The%20Cathedral%20in%20Rouen.%20The%20portal%2C%20Grey%20Weather%20-%20Google%20Art%20Project.jpg
91355370	Monet%20-%20Waterloo%20Bridge%2C%201903.jpg
20414899	Claude%20Monet%20-%20Rough%20weather%20at%20%C3%89tretat%20-%20Google%20Art%20Project.jpg
49469526	Monet%20poplars-view-from-the-marsh-1892%20W1313.jpg
91018215	Claude%20Monet%20Cap%20Martin.jpg
105099592	Monet%20w1939.jpg
20271473	Monet%20-%20V%C3%A9theuil%2C%201901.jpg
20268557	Claude%20Monet%20-%20The%20Artist%27s%20House%20at%20Argenteuil%20-%201933.1153%20-%20Art%20Institute%20of%20Chicago.jpg
13451237	WLA%20metmuseum%20Camille%20Monet%20on%20a%20Garden%20Bench%20by%20Claude%20Monet.jpg
28777011	Claude%20Monet%20-%20Flowering%20Plum%20Trees%20-%20Google%20Art%20Project.jpg
17493132	Monet%20Le%20Pave%20de%20Chailly%20Musee%20dOrsay.JPG
50818703	Claude%20Monet%20-%20Soleil%20couchant%20sur%20la%20Seine%20%C3%A0%20Lavacourt%2C%20effet%20d%27hiver%20-%20PPP439%20-%20Mus%C3%A9e%20des%20Beaux-Arts%20de%20la%20ville%20de%20Paris.jpg
93345885	Monet%20-%20Waterlilies%2C%201907%2C%20Kuboso.jpg
19912382	Claude%20Monet%20-%20Palm%20Trees%20at%20Bordighera.jpg
28777021	The%20Water-Lily%20Pond%20-%20Google%20Arts%20%26%20Culture.jpg
17436665	Rouen%20Cathedral%20Sunlight%20W1322.jpg
3337113	Claude%20Monet%20-%20Still%20Life%20with%20Eggs.jpg
73386714	Monet%20-%20Le%20village%20de%20la%20Roche-Blond%2C%20Effet%20du%20soir%2C%201889.jpg
19883415	Claude%20Monet%20-%20On%20the%20Cliff%20at%20Pourville%2C%20Clear%20Weather%2C%201882.jpg
59530379	Monet%20-%20Waterloobr%C3%BCcke%20-%20Sonne%20hinter%20Dunstschleier.jpg
42882602	The%20Sea%20at%20Le%20Havre%201868.jpg
115223604	Claude%20Monet%20-%20Blanche%20Monet%20peignant%20avec%20sa%20soeur%20Suzanne%20au%20bord%20de%20l%27eau.jpg
20538911	Monet%20-%20Woodgatherers%20at%20the%20Edge%20of%20the%20Forest%2C%20about%201863.jpg
111039643	Claude%20monet%20jeune%20fille%20dans%20le%20jardin%20de%20giverny%29.jpg
94662998	Claude%20Monet%20045.jpg
50819569	Claude%20Monet%20Temp%C3%AAte%20sur%20les%20C%C3%B4tes%20de%20Belle-%C3%8Ele%201886.jpg
63952024	Claude%20Monet%20-%20Bras%20de%20Seine%20pr%C3%A8s%20de%20Giverny%2C%20soleil%20levant%20-%20Mus%C3%A9e%20Marmottan-Monet.jpg
105099577	Monet%20w1379.jpg
20854513	Claude%20Monet%20-%20The%20Seine%20at%20Port-Villez%20%28c.%201883-90%29.jpg
18683944	Claude%20Monet%20-%20St.%20Germain%20l%27Auxerrois%20%C3%A0%20Paris%20-%20Google%20Art%20Project.jpg
20538828	Monet%20Meadow-with-Poplars-Homepage.jpg
74592960	Claude%20Monet%20-%20Waterlilies%20-%20Google%20Art%20Project%20%28hgEnPzjBK2STHg%29.jpg
3236083	Bordighera.jpg
83306238	Claude%20monet%20vetheuil.jpg
95911194	Monet%20-%20Wildenstein%201996%2C%201198.png
105099573	Claude%20Monet%20-%20Michel%20Monet%20au%20chandail%20bleu.jpg
20809468	Monet%20-%20Flowers%20in%20a%20Vase%2C%201888%2C%201978-1-23.jpg
108479162	MB-Mon-03%20Monet%20Argenteuil-am-Spaetnachmittag%201.jpg
22205286	Barcas%20%C3%89tretat%20Seattle.%2001.JPG
67646427	Monet%20-%20Coin%20du%20Bassin%20aux%20Nymph%C3%A9as%2C%201918.png
28777018	Claude%20Monet%20-%20Water%20Lilies%20-%20Google%20Art%20Project.jpg
66821485	Claude%20Monet%20-%20Monte%20Carlo%20vu%20de%20Roquebrune.jpg
20891432	Claude%20Monet%20-%20Grainstack%2C%20Sun%20in%20the%20Mist%20-%20Google%20Art%20Project.jpg
3877091	%27White%20Water%20Lilies%27%20by%20Claude%20Monet%2C%201899%2C%20Pushkin%20Museum.JPG
17490991	Monet%20-%20Champ%20de%20coquelicots%20%3B%20environs%20de%20Giverny%2C%201885.jpg
84729388	Monet%20-%20Grainstacks%2C%20in%20Bright%20Sunlight%2C%201890.jpg
64517314	Monet%20-%20The%20Seine%20Near%20its%20Estuary%2C%20Honfleur%2C%20ca.%201868.jpg
3454959	Claude%20Monet%20-%20Regattas%20at%20Argenteuil%20-%20Google%20Art%20Project.jpg
124365357	The%20Artist%27s%20garden%20at%20Vetheuil%20by%20Claude%20Monet.jpg
20188762	The%20Artist%27s%20Garden%20in%20Argenteuil%20%28A%20Corner%20of%20the%20Garden%20with%20Dahlias%29%20A12382.jpg
105099616	Monet%20w1848.jpg
64174088	Monet%20-%20Waterloo%20Bridge%2C%20London%2C%20Sun%20Effect%2C%201899-1901.jpg
108187541	Monet%20-%20Water%20Lilies%2C%201907%2C%20GKM%202232.jpg
3820704	Claude%20Monet%20-%20Cath%C3%A9drale%20de%20Rouen.%20Harmonie%20bleue.jpg
49222037	Claude%20Monet%20-%20The%20Artist%E2%80%99s%20Garden%20in%20Giverny%20-%201983.7.12%20-%20Yale%20University%20Art%20Gallery.jpg
109550022	Claude%20monet%20le%20bassin%20dargenteuil114147%29.jpg
105099578	Monet%20w1234.jpg
63952039	Claude%20Monet%20-%20Glycines%20W1903%20-%20Mus%C3%A9e%20Marmottan-Monet.jpg
107340205	Monet%20-%20Waterlilies%2C%20NMW%20A%202484.jpg
89373155	Monet%20-%20Towing%20a%20Boat%2C%20Honfleur%2C%201864.jpg
28797620	Claude%20Monet%20-%20The%20Water%20Lilies%20-%20Morning%20-%20Google%20Art%20Project.jpg
105099615	Claude%20Monet%20-%20Glycines%20W1903%20-%20Mus%C3%A9e%20Marmottan-Monet.jpg
10326430	Claude%20monet%20-%20marina%20%28MCM-RJ%29%2001.JPG
10346982	Paysage%20%C3%A0%20Port-Goulphar.jpg
18748447	Claude%20Monet%20-%20Windmills%20Near%20Zaandam%20-%20Walters%2037894.jpg
28777014	Claude%20Monet%20-%20The%20Cliff%20of%20Aval%2C%20Etr%C3%A9tat%20-%20Google%20Art%20Project.jpg
123414068	Claude%20Monet%20-%20Le%20Moulin%20de%20Limetz%20%28W%201210a%29.jpg
85039819	Monet%20-%20The%20Seine%20at%20Giverny%20%28L%27%C3%8Ele%20aux%20Orties%2C%20Giverny%29%2C%201897.png
3828534	Claude%20Monet%20047.jpg
17491613	Grosse%20mer%20%C3%A0%20%C3%89tretat%20-%20Claude%20Monet.jpg
85225461	Monet%20-%20Irises%20by%20the%20Pond%2C%201914-1917.jpg
47774660	Claude%20Monet%20-%20Haystacks.jpg
20538884	Monet%20-%20Valley%20of%20the%20Creuse%20%28Sunlight%20Effect%29%2C%201889.jpg
106862060	MB-Mon-16%20Monet%20Les-Petites-Dalles-bei-Ebbe.jpg
79790743	Monet%20w232.jpg
19883730	Monet%20-%20Water%20Lilies%2C%201914-26%2C%20712.1959.jpg
4944750	Bords%20de%20la%20Seine%20a%20Argenteuil%20-%20Monet.jpg
117435339	Houses%20of%20Parliament%20in%20the%20Fog%20by%20Claude%20Monet%2C%20High%20Museum%20of%20Art.jpg
94178398	Monet%20-%20Birnen%20und%20Trauben%2C%201880.jpg
48976445	Claude%20Monet%20-%20Le%20Palais%20Ducal.jpg
23940220	Claude%20Monet%20-%20Val-Saint-Nicolas%2C%20near%20Dieppe%20%28Morning%29%20-%20Google%20Art%20Project.jpg
17494910	Monet%20-%20Paysage%2C%20Vetheuil%2C%201879.jpg
2734892	Claude%20Monet%20024.jpg
3909928	%27Meadows%20at%20Giverny%27%20by%20Claude%20Monet%2C%201888%2C%20Hermitage.JPG
28797625	Claude%20Monet%20-%20The%20Water%20Lilies%20-%20Tree%20Reflections%20-%20Google%20Art%20Project.jpg
20184209	Claude%20Monet%20%28French%20-%20Sunrise%20%28Marine%29%20-%20Google%20Art%20Project%20%28cropped%29.jpg
130877767	Le%20Palais%20Ducal%20by%20Claude%20Monet%2C%201908%2C%20w1744.jpg
79889776	Claude%20Monet%20-%20Bord%20de%20mer%20et%20falaises%20de%20Pourville%20le%20matin%20%281882%29.jpg
67188271	Charing%20Cross%20Bridge%2C%20Reflections%20on%20the%20Thames.jpg
124254551	Claude%20Monet%20-%20Belle-Ile%2C%20Rain%20Effect.jpg
50699129	Art%20at%20the%20New%20Orleans%20Museum%20of%20Art%20-%20Houses%20on%20the%20Old%20Bridge%20at%20Vernon%20circa%201883%20by%20Monet.jpg
117712263	Claude%20Monet%20-%20L%27%C3%89glise%20de%20Varengeville%2C%20soleil%20couchant%20%281882%29.jpg
79790753	Claude%20Monet%20-%20The%20Rio%20della%20Salute.jpg
105430123	Claude%20Monet%20-%20Vue%20de%20Rouen%20-%20Mus%C3%A9e%20des%20beaux-arts%20de%20Rouen.jpg
17002537	L%27Enfant%20a%20la%20tasse%2C%20portrait%20de%20Jean%20Monet.jpg
27665416	Claude%20Monet%20-%20Der%20Koch%20%28Le%20P%C3%A8re%20Paul%29%20-%20540%20-%20%C3%96sterreichische%20Galerie%20Belvedere.jpg
3877090	WLA%20moma%20Monet%20Reflections%20of%20Clouds%20on%20the%20Water-Lily%20Pond.jpg
48092399	Monet%20grainstacks-at-giverny-sunset%20W1213.jpg
3820962	Claude%20Monet%20-%20La%20Manneporte%20pr%C3%A8s%20d%27%C3%89tretat.jpg
74425853	Claude%20Monet%20-%20The%20Water-lily%20Pond%20-%20Google%20Art%20Project.jpg
124724882	Pond%20with%20Water%20Lilies%20by%20Claude%20Monet.jpg
20198657	Monet%20Grand%20Canal%20Legion%20of%20Honor.jpg
124254554	Claude%20Monet%20-%20Water-Lilies%20%28Bridgestone%20Museum%29.jpg
19868618	Claude%20Monet%20-%20Boats%20Moored%20at%20Le%20Petit-Gennevilliers%2C%201874.jpg
19905652	Claude%20Monet%20-%20Jean%20Monet%20on%20his%20Hobby%20Horse.jpg
18918107	Le%20havre%20muma%20monet%20fecamp.JPG
50415983	Monet-Sasso-Marmottan.jpg
79790771	Monet%20-%20Wildenstein%201996%2C%201016.png
64597083	%27La%20D%C3%A9b%C3%A2cle%27%2C%20oil%20on%20canvas%20painting%20by%20Monet%2C%201880%2C%20Dunedin%20Public%20Art%20Gallery.JPG
96097589	Claude%20Monet%20-%20La%20Baie%20de%20Monaco%20-%20NMNM.jpg
105099608	Monet%20-%20Wildenstein%201996%2C%201717.png
20181919	Claude%20Monet%20%28French%20-%20Still%20Life%20with%20Flowers%20and%20Fruit%20-%20Google%20Art%20Project.jpg
7723379	Claude%20Monet%20-%20Cliff%20Walk%20at%20Pourville%20-%20Google%20Art%20Project.jpg
20809469	Monet%20-%20Green%20Park%2C%20London%2C%201870%20or%201871.jpg
78833067	Monet%20-%20Wildenstein%201996%2C%20303.png
19928687	Claude%20Monet%20057.jpg
90911703	Monet%20-%20Wildenstein%201996%2C%2053.png
17491356	Claude%20Monet%20%C3%89tretat%2C%20la%20Manneporte%2C%20reflets%20sur%20l%27eau%2015092012413.jpg
126406974	Monet%20w684.jpg
19905353	Ice%20Floes%20MET%20DT2158.jpg
93296543	Monet%20-%20Wildenstein%201996%2C%201845.png
105099617	Monet%20-%20Wildenstein%201996%2C%2015.png
3820708	Claude%20Monet%20-%20Rouen%20Cathedral%20at%20noon%20%281894%29%20-%20Pushkin%20Museum%20%D0%96-3313.jpg
17436682	Claude%20Monet%20-%20The%20Portal%20of%20Rouen%20Cathedral%20in%20Morning%20Light%20%281894%29%20-%20Getty%20Center%202001.33.jpg
19882862	Claude%20Monet.%20The%20Palazzo%20Ducale%2C%20Seen%20from%20San%20Giorgio%20Maggiore%20%28Le%20Palais%20Ducal%20vu%20de%20Saint-Georges%20Majeur%29%2C%201908%20%2848813686101%29.jpg
28777013	Claude%20Monet%20-%20Houses%20of%20Parliament%2C%20Sunlight%20Effect%20%28Le%20Parlement%2C%20effet%20de%20soleil%29%20-%20Google%20Art%20Project.jpg
50012973	Claude%20Monet%20-%20Charing%20Cross%20Bridge%2C%20Fog.jpg
108187540	Monet%20w1059.jpg
50819150	Monet%20-%20rocks-at-port-coton-the-lion-rock-1886.jpg
95689722	Monet%20-%20Wildenstein%201996%2C%201926.png
91360810	Monet%20-%20Wildenstein%201996%2C%201536.jpg
105099591	Monet%20-%20Wildenstein%201996%2C%201937.png
25452449	Monet%20-%20Le%20Parlement%20de%20Londres%2C%20ciel%20orageux.jpg
105099626	Monet%20w1914.jpg
51579215	Gardener%27s%20House%20at%20Antibes%2C%20by%20Claude%20Monet%2C%20Cleveland%20Museum%20of%20Art%2C%201916.1044.jpg
3696343	Monet%2C%20Claude%20-%20Haystack%20at%20Giverny.jpg
17494280	Claude%20Monet%20-%20Haystacks%2C%20end%20of%20Summer%20-%20Google%20Art%20Project.jpg
49470247	Monet%20three-trees-in-spring%20W1304.jpg
70781289	Monet%20-%20Charing%20Cross%20Bridge%20Fog%20on%20the%20Thames%2C%201903.jpg
130242458	Monet%20-%20Landscape%20MET%20DP813427.jpg
20269967	Monet%20-%20Branch%20of%20the%20Seine%20near%20Giverny%20%28Mist%29%2C%20from%20the%20series%20%E2%80%9CMornings%20on%20the%20Seine%E2%80%9D%2C%201897.jpg
123985174	Sur%20la%20falaise%20de%20Dieppe.jpg
50537321	Vernon%2C%20soleil.jpg
